title,price,source,img_url
"2 Pack Motion Sensor Outdoor Wall Lights, Dusk to Dawn Lighting, Led Exterior Light Fixture, Anti-Rust Lantern for Front Porch, Waterproof Black Outdoor Wall Sconce for House Garage Patio",89.94,https://www.amazon.com/s?k=exterior+lamps&page=1,https://m.media-amazon.com/images/I/71o4j3WKGeL._AC_UL320_.jpg
"Outdoor Light Fixture Wall Mount, Modern Exterior Lights Fixture Wall Sconces with Seeded Glass for Front Porch, Farmhouse Waterproof Black Carriage Lantern Lamp Outside for Home, Garage, 2 Pack",89.98,https://www.amazon.com/s?k=exterior+lamps&page=1,https://m.media-amazon.com/images/I/810YMOVxffL._AC_UL320_.jpg
"Darkaway Outdoor Porch Lights Wall Mount, Outside Light Fixtures Sconces Wall Lighting with Water Ripple Glass Waterproof Exterior Lights for Patio Yard House Hallway Doorway Garage",52.99,https://www.amazon.com/s?k=exterior+lamps&page=1,https://m.media-amazon.com/images/I/71MyzXXbyDL._AC_UL320_.jpg
"2 Packs Motion Sensor Outdoor Sconce - Advanced Dusk to Dawn Outdoor Lighting, Retro Motion Sensor Porch Light Fixtures, Black Waterproof Exterior Lantern Wall Mount for Garage, Outside, Anti-Rust",87.81,https://www.amazon.com/s?k=exterior+lamps&page=1,https://m.media-amazon.com/images/I/71wWCcTYopL._AC_UL320_.jpg
"Outdoor Wall Light Fixtures, Exterior Waterproof Lanterns, Porch Sconces Wall Mounted Lighting with E26 Sockets & Glass Shades, Modern Matte Black Wall Lamps for Patio Front Door Entryway, 2-Pack",49.99,https://www.amazon.com/s?k=exterior+lamps&page=1,https://m.media-amazon.com/images/I/713JOcXmORL._AC_UL320_.jpg
"EMART Outdoor Porch Sconce LED Exterior Wall Light Fixtures, Special Handling Anti-Corrosion Plastic Material, Waterproof Security Lamp for Garage, Front Door, House - 2 Pack, White (Bulb Included)",39.99,https://www.amazon.com/s?k=exterior+lamps&page=1,https://m.media-amazon.com/images/I/51eWc-31WJL._AC_UL320_.jpg
"ALVIME Outdoor Wall Lights Fixture, Exterior Wall Lanterns, Waterproof&All-Weather Sconce, Porch Outside Lamps for Entryway, House Front Door Patio Garage, E26 Base&Clear Seedy Glass",47.49,https://www.amazon.com/s?k=exterior+lamps&page=1,https://m.media-amazon.com/images/I/71xXrnISOqL._AC_UL320_.jpg
"2-Pack Waterproof Aluminum Outdoor Light Fixture Wall Mount Exterior Porch Lights Outdoor Wall Lamp,Anti-Rust Porch Lights for Outside Garage Patio Exterior Lights for House",56.99,https://www.amazon.com/s?k=exterior+lamps&page=1,https://m.media-amazon.com/images/I/61lzC9Fj6OL._AC_UL320_.jpg
Motion Sensor Porch Light Dusk to Dawn Outdoor Wall Lantern Black Exterior Sconce Lighting Fixtures Modern Outside Wall Mount Coach Lamp for House Garage Patio Front Door,49.99,https://www.amazon.com/s?k=exterior+lamps&page=1,https://m.media-amazon.com/images/I/61QtWR3CX9L._AC_UL320_.jpg
"PARTPHONER Dusk to Dawn Outdoor Light Fixtures, 2-Pack Sensor Porch Lights, Waterproof Exterior Wall Sconce Lighting Lamp, Waterproof Wall Lantern for House, Doorway, Garage (Black)",37.99,https://www.amazon.com/s?k=exterior+lamps&page=1,https://m.media-amazon.com/images/I/61U59wZeP9L._AC_UL320_.jpg
"OKELI Dusk to Dawn Outdoor Wall Lights, Exterior Waterproof Lantern, Front Porch Sconce Lighting with Water Ripple Glass Shade, Anti-Rust Wall Lamps Outside Lights for House Garage (2 Pack)",47.49,https://www.amazon.com/s?k=exterior+lamps&page=1,https://m.media-amazon.com/images/I/7107rjAccJL._AC_UL320_.jpg
"Outdoor Modern Wall Light Fixtures,Exterior Lighting Fixtures Wall Mount,Outside Porch Sconce Lights Waterproof,Wall Lamps for House,Patio,Front Door.Matte Black,2 Pack",32.99,https://www.amazon.com/s?k=exterior+lamps&page=1,https://m.media-amazon.com/images/I/51YIUmf6TEL._AC_UL320_.jpg
"WIHTU Dusk to Dawn Outdoor Lighting Fixtures, Exterior Front Porch Light, Black Sensor Wall Sconce Lamp, Waterproof Wall Lantern, Anti Rust Outside Coach Lights for House, Doorway, Garage",22.99,https://www.amazon.com/s?k=exterior+lamps&page=1,https://m.media-amazon.com/images/I/71pGV1Q8eAL._AC_UL320_.jpg
"Outdoor Wall Lantern, Exterior Lighting Fixtures Wall Mount, 2 Pack Black Outdoor Sconce with Seeded Glass, Exterior Porch/Patio Lights for House Front Door Garage",67.99,https://www.amazon.com/s?k=exterior+lamps&page=1,https://m.media-amazon.com/images/I/618GAGRiz3L._AC_UL320_.jpg
"WIHTU 13.5"" Exterior Light Fixture 2-Light, Large Outdoor Porch Light, Black Modern Wall Sconce Lamp, Waterproof Coach Lights with Tempered Glass, Outdoor Lights for House(Bulbs Included)",29.99,https://www.amazon.com/s?k=exterior+lamps&page=1,https://m.media-amazon.com/images/I/71jOHQJUsRL._AC_UL320_.jpg
"Retro Outdoor Wall Light Small Outside Wall Lamp with Clear Seeded Glass Shade 10""H Exterior Light Fixtures Wall Mount IP65 Waterproof Outdoor Porch House Lighting Exterior Wall Lantern E26,Black",75.90,https://www.amazon.com/s?k=exterior+lamps&page=1,https://m.media-amazon.com/images/I/71gtn4N38jL._AC_UL320_.jpg
"LED Dusk to Dawn Outdoor Wall Lantern with Sensor - Exterior Porch Lighting Fixtures, Black Outside Wall Mount Sconce with 13W 3000K for House Garage, Doorway Garden Patio, 100% Waterproof Anti-Rust",51.99,https://www.amazon.com/s?k=exterior+lamps&page=1,https://m.media-amazon.com/images/I/51KxjPi-i8L._AC_UL320_.jpg
"tewei LED Square Up and Down Lights Outdoor Wall Mount Light,14W IP65 3000K 1100LM Warm White, Modern Fixtures Aluminum Waterproof Exterior Lamps for Front Porch Patio Garage",53.99,https://www.amazon.com/s?k=exterior+lamps&page=1,https://m.media-amazon.com/images/I/81rFEq01sEL._AC_UL320_.jpg
"WIHTU Outdoor Porch Lights Fixtures Wall Mount, Dusk to Dawn Outdoor Lighting Fixtures for House, Sensor Exterior Wall Lights, Waterproof Sconce Outside Lamp, Anti Rust Wall Lantern for Garage",39.99,https://www.amazon.com/s?k=exterior+lamps&page=1,https://m.media-amazon.com/images/I/71yE7PzA2TL._AC_UL320_.jpg
"Porch Light with GFCI Outlet Built in, Dusk to Dawn Outdoor Light with Outlet, Waterproof Anti-Rust Alunmium Exterior Light Fixture Wall Mount Outside Light for House Garage Front Door, Bulb Included",42.99,https://www.amazon.com/s?k=exterior+lamps&page=1,https://m.media-amazon.com/images/I/71kI2fHfAfL._AC_UL320_.jpg
"2-Pack Waterproof Aluminum Outdoor Light Fixture Wall Mount Exterior Porch Lights Outdoor Wall Lamp,Anti-Rust Porch Lights for Outside Garage Patio Exterior Lights for House",56.99,https://www.amazon.com/s?k=exterior+lamps&page=1,https://m.media-amazon.com/images/I/61lzC9Fj6OL._AC_UL320_.jpg
"Motion Sensor Outdoor Wall Lights 2 Packs- Updated Dusk to Dawn Outdoor Lighting, Exterior Light Fixtures with E26 Sockets & Tempered Glass, Wall Mounted Black Waterproof Outdoor Lights for House",79.99,https://www.amazon.com/s?k=exterior+lamps&page=1,https://m.media-amazon.com/images/I/71KMru-OaBL._AC_UL320_.jpg
Outdoor Wall Sconce Light White LED Wall Mount Lantern Waterproof Exterior Wall Light Fixtures with Clear Glass Aluminum Wall Lamps for Porch House Front Door 750LM,69.99,https://www.amazon.com/s?k=exterior+lamps&page=1,https://m.media-amazon.com/images/I/71MilG6KxXL._AC_UL320_.jpg
"2 Pack 20W LED Porch Light Outdoor Wall Lights,3 Color Modern Rectangular Exterior Lighting Fixtures,Outdoor Waterproof Wall Sconce for House Patio Exterior Wall Mount Front Porch Lights",79.99,https://www.amazon.com/s?k=exterior+lamps&page=1,https://m.media-amazon.com/images/I/61l1cmErX6L._AC_UL320_.jpg
"2 Pack Motion Sensor Outdoor Light Fixtures Wall Mount, Dusk to Dawn Front Porch Lights for House, Exterior Wall Sconce, Black Waterproof Lantern Lamp,Outside Coach Light for Garage Entryway Yard",39.99,https://www.amazon.com/s?k=exterior+lamps&page=1,https://m.media-amazon.com/images/I/81wBckuHuVL._AC_UL320_.jpg
4 Pack Outdoor Wall Lights Exterior/Interior LED Wall Sconces IP65 Waterproof Square Aluminum Wall Lamps Outdoor Lighting Fixture Up and Down Lights Modern Black 12W 3000K Warm Lights,108.99,https://www.amazon.com/s?k=exterior+lamps&page=1,https://m.media-amazon.com/images/I/51YQJO5uGsL._AC_UL320_.jpg
"WIHTU Outdoor Light Fixture Wall Mount with Crystal Bulb, 2 Pack Exterior Wall Lantern Waterproof, Black Outside Porch Sconce, Matte Metal Finish & Tempered Glass Shade for House",28.49,https://www.amazon.com/s?k=exterior+lamps&page=1,https://m.media-amazon.com/images/I/71K-Gs+JJRL._AC_UL320_.jpg
LONEDRUID 2 Pack Dusk to Dawn Outdoor Wall Light Fixtures Photocell Sensor Exterior Lantern Sconce Lighting Waterproof Outside Wall Mount Lamp for House Patio Garage Entryway Doorway,69.99,https://www.amazon.com/s?k=exterior+lamps&page=1,https://m.media-amazon.com/images/I/81cKabKkUIL._AC_UL320_.jpg
"Dusk to Dawn Outdoor Front Porch Light Fixtures Wall Mount,2 Pack Sensor Exterior Lighting Fixtures for House, Waterproof Wall Sconce Lights, Outside Lantern Lamp for Garage, Doorway(Bulb Included)",104.99,https://www.amazon.com/s?k=exterior+lamps&page=1,https://m.media-amazon.com/images/I/910PN-B+opL._AC_UL320_.jpg
"2 Pack Solar Wall Lanterns Outdoor with 3 Modes, Dusk to Dawn Motion Sensor LED Sconce Lights IP65 Waterproof, Exterior Front Porch Security Lamps Wall Mount Patio Fence Garage Decorative",58.99,https://www.amazon.com/s?k=exterior+lamps&page=1,https://m.media-amazon.com/images/I/81QpiYGTKvS._AC_UL320_.jpg
"hykolity Large Size Outdoor Wall Lights,16 Inch Outdoor Wall Lantern, Waterproof Exterior Wall Sconce, Anti-Rust Wall Mounted Lighting with Glass Shade,Lamp with E26 Socket for Porch, Front Door",32.99,https://www.amazon.com/s?k=exterior+lamps&page=1,https://m.media-amazon.com/images/I/615kA24DeML._AC_UL320_.jpg
LONEDRUID Motion Sensor Outdoor LED Porch Wall Light Fixtures Dusk to Dawn Exterior Barn Lantern Black Farmhouse Sconce Lighting Wall Mount Lamp for Garage Patio Balcony Doorway,46.99,https://www.amazon.com/s?k=exterior+lamps&page=1,https://m.media-amazon.com/images/I/613IHwv9oCL._AC_UL320_.jpg
"LED Cordless Table Lamps Set of 2,Portable Rechargeable 5000mAh Outdoor Table Lamp,3 Color Stepless Dimming Battery Powered Lamp, Table Light for Dinner/Patio/Restaurant/Bedroom.(Black)",49.98,https://www.amazon.com/s?k=exterior+lamps&page=1,https://m.media-amazon.com/images/I/51YF3gQpqYL._AC_UL320_.jpg
"PARTPHONER Dusk to Dawn Outdoor Light Fixtures Wall Mount, Sensor Porch Lights, Anti-Rust Exterior Wall Sconce Lighting Lamp, Waterproof Wall Lantern for Doorway, Garage, 2-Pack",49.99,https://www.amazon.com/s?k=exterior+lamps&page=1,https://m.media-amazon.com/images/I/91jb939OsuL._AC_UL320_.jpg
"WIHTU Outdoor Wall Light Fixtures, Outdoor Wall Sconce with Outlet,2-Pack, Porch Sconces Mounted Lighting, Porch Lights with E26 Sockets, Exterior Waterproof, Wall Lamps for Patio Front Door",44.99,https://www.amazon.com/s?k=exterior+lamps&page=1,https://m.media-amazon.com/images/I/71qXDwAw0oL._AC_UL320_.jpg
"LUTEC Outdoor Indoor Wall Lantern, Farmhouse Barn Wall Sconce Lighting Fixture,Matte Black Finish Anti-Rust Wall Mount Light, Waterproof Wall lamp with Clear Glass for Porch, Exterior, Patio",33.99,https://www.amazon.com/s?k=exterior+lamps&page=1,https://m.media-amazon.com/images/I/81L-1hgGsZL._AC_UL320_.jpg
"Dusk to Dawn Outdoor Wall Lantern 2-Light, 20.6"" Large Outside Wall Sconce, Modern Black Wall Light Fixture with Glass, Waterproof Exterior Lamp for House, Porch, Garage",95.99,https://www.amazon.com/s?k=exterior+lamps&page=1,https://m.media-amazon.com/images/I/81YNsRTjhoL._AC_UL320_.jpg
"Porch Lights with GFCI Outlet,Dusk to Dawn Motion Sensor Outdoor Lights,3 Lighting Modes Black Front Door Light,Waterproof Exterior Light Fixture,Outside Wall Lamp for House Patio Garage",47.59,https://www.amazon.com/s?k=exterior+lamps&page=1,https://m.media-amazon.com/images/I/71d6ocp0oXL._AC_UL320_.jpg
"PARTPHONER Modern Outdoor Light Fixtures Dusk to Dawn Outdoor Lighting 2 Pack, 15"" Exterior Wall Sconce Waterproof Porch Light, Outside Lamp for House with Water Glass for Garage Doorway",91.47,https://www.amazon.com/s?k=exterior+lamps&page=1,https://m.media-amazon.com/images/I/91VbJs16PUL._AC_UL320_.jpg
"ASD LED 14"" Outdoor Wall Light, Front Door House Sconce | 3CCT, Dimmable, Waterproof, ETL Listed | 20W 1900LM 3000-5000K 120V | Exterior Patio Lighting Fixture, Flush Mount Porch Lamp | Black",40.99,https://www.amazon.com/s?k=exterior+lamps&page=1,https://m.media-amazon.com/images/I/81GlzXaJNLL._AC_UL320_.jpg
"2 Pack Porch Lights Outdoor Wall Sconce, Outdoor Light with GFCI Outlet, Waterproof Exterior Wall Lantern Light Fixtures, Anti-Rust Wall Lamp with Clear Glass for Patio Doorway Garage- Black",42.99,https://www.amazon.com/s?k=exterior+lamps&page=1,https://m.media-amazon.com/images/I/61LlxUjXbJL._AC_UL320_.jpg
"tewei 4 Pack Outdoor Wall Lights, Modern Exterior Light Fixture Wall Mount Black Outdoor Lights for House Waterproof Aluminum Up and Down Porch Lights Outdoor Wall for Porch Patio Garage, 2-Layer",84.99,https://www.amazon.com/s?k=exterior+lamps&page=1,https://m.media-amazon.com/images/I/81wgylH23oL._AC_UL320_.jpg
"19"" Black Outdoor Wall Lantern 2-Light, Large Outside Modern Wall Sconce Light Fixture, Industrial Porch Light Wall Mount with Glass, Waterproof Farmhouse Exterior Lamp Lighting （1 Pack）",69.99,https://www.amazon.com/s?k=exterior+lamps&page=1,https://m.media-amazon.com/images/I/61vGO5nrFmL._AC_UL320_.jpg
"Porch Wall Lights Outdoor, Waterproof Lanterns with Frame and Clear Glass Shade, Exterior Front Porch Light Matte Black Wall Sconce, Modern Mounted Lighting for Patio Entryway Hallway",16.99,https://www.amazon.com/s?k=exterior+lamps&page=1,https://m.media-amazon.com/images/I/71EA65vf8HL._AC_UL320_.jpg
"Large Outdoor Wall Lights, 18"" Black Exterior Light, 2- Pack Aluminum Outdoor Wall Light Fixture with E26 Socket, Outside Porch Light Enclosed Bottom ETL Listed Exterior Lamp Wall Mount for House",69.99,https://www.amazon.com/s?k=exterior+lamps&page=1,https://m.media-amazon.com/images/I/61luHM6d95L._AC_UL320_.jpg
"EMART Dusk to Dawn Outdoor Porch Light, Exterior Anti-Corrosion, Waterproof Aluminum & Glass Shades Wall Lamp Fixture, Modern Sconce Lantern for Yard, House, Garage - 2 Pack, Black （Bulb Included）",59.99,https://www.amazon.com/s?k=exterior+lamps&page=1,https://m.media-amazon.com/images/I/71XrWYTHuAL._AC_UL320_.jpg
"zemty Outdoor Wall Light Fixtures, Matte Black Exterior Front Porch Light with E26 Socket, Waterproof Exterior Wall Sconce Lighting Lamp for House, Doorway, Garage,2Pack(Bulb Not Include)",37.99,https://www.amazon.com/s?k=exterior+lamps&page=1,https://m.media-amazon.com/images/I/81kBEi3+BzL._AC_UL320_.jpg
LMP 2 Pack LED Square Up and Down Lights Outdoor Wall Light，Body in Aluminum Waterproof Outdoor Wall Lamps，3000k 5W with Certificate ETL,66.59,https://www.amazon.com/s?k=exterior+lamps&page=1,https://m.media-amazon.com/images/I/71k4t-XUDNL._AC_UL320_.jpg
"2-Pack 36inch Modern Outdoor Wall Light Exterior LED Long Wall Lighting Fixture, IP65 Waterproof Wall Lamps, Dimmable 30W 2700LM Black Wall Sconce, 3000K/4000K/5000K Selectable, ETL",169.99,https://www.amazon.com/s?k=exterior+lamps&page=1,https://m.media-amazon.com/images/I/61B8wUsbXjL._AC_UL320_.jpg
"Outdoor Wall Lights 2 Packs, Integrated LED Cylinder Up Down 12W 2700K Modern Aluminum Light, Waterproof Exterior Light for Porch Patio Door",59.99,https://www.amazon.com/s?k=exterior+lamps&page=1,https://m.media-amazon.com/images/I/61T4aKgmh6L._AC_UL320_.jpg
"BesLowe 2-Pack Outdoor Wall Light Fixtures, Exterior Lighting Fixtures Wall Mount, Waterproof Porch Lights Outdoor Wall Sconces Lanterns, Modern Outside Lights for House Front Door Garage, Black",34.99,https://www.amazon.com/s?k=exterior+lamps&page=1,https://m.media-amazon.com/images/I/716ysrUd6-L._AC_UL320_.jpg
"Outdoor Sconce Light for House 16 Inch Large, Two Candle Light Outdoor Light Fixture Exterior Light Lantern for Front Porch IP65 Waterproof Outside Wall Mounted Lamp, E12, No Sensor, Black",59.99,https://www.amazon.com/s?k=exterior+lamps&page=1,https://m.media-amazon.com/images/I/61RaInYLqDL._AC_UL320_.jpg
"Outdoor Wall Light Fixtures, Matte Black Exterior Front Porch Light with E26 Socket, Waterproof Exterior Wall Sconce Lighting Lamp for House, Doorway, Garage,2-Pack(Bulbs Not Included)",65.99,https://www.amazon.com/s?k=exterior+lamps&page=1,https://m.media-amazon.com/images/I/71jEFz1hw4L._AC_UL320_.jpg
"LUTEC Outdoor Wall Lantern, Exterior Waterproof Wall Sconce Light Fixtures, Aluminum Black Front Door Porch Lights Wall Mount Lighting with Clear Glass Shade, E26 Socket Wall Lamp for Patio",27.99,https://www.amazon.com/s?k=exterior+lamps&page=1,https://m.media-amazon.com/images/I/611YGixuAlL._AC_UL320_.jpg
"Bronze Outdoor Wall Lanterns Aluminum Anti-Rust Porch Lights 2-Pack, Exterior Light Fixtures IP65 Waterproof Clear Glass Brown Outdoor Sconces Lamps Wall Mount, Oil Rubbed Bronze",73.99,https://www.amazon.com/s?k=exterior+lamps&page=1,https://m.media-amazon.com/images/I/71xmNKwk9tL._AC_UL320_.jpg
"Brightever Gooseneck Porch Lights Outdoor, 2-Pack Farmhouse Exterior Barn Light Fixtures, Waterproof Industrial Brown Patio Wall Lamps for Garage, E26 Base Anti-Rust, Bulb not Included",39.99,https://www.amazon.com/s?k=exterior+lamps&page=1,https://m.media-amazon.com/images/I/71uqpBlZwHL._AC_UL320_.jpg
"FEMILA Exterior Wall Sconce,2 Packs Outdoor Waterproof Wall Lights Fixture,E26 Socket Wall Lantern for Porch,Anti-Rust Matte Black Finish with Seeded Glass Lampshade,4FD54B-2PK BK",99.99,https://www.amazon.com/s?k=exterior+lamps&page=1,https://m.media-amazon.com/images/I/71jTxrvhDZL._AC_UL320_.jpg
"WIHTU 13.5"" Exterior Light Fixture 2-Light, Large Outdoor Porch Light, Black Modern Wall Sconce Lamp, Waterproof Coach Lights with Tempered Glass, Outdoor Lights for House(Bulbs Included)",29.99,https://www.amazon.com/s?k=exterior+lamps&page=1,https://m.media-amazon.com/images/I/71jOHQJUsRL._AC_UL320_.jpg
"17.6'' Black Outdoor Wall Lantern 2 Packs, Modern Wall Sconce Light Fixture, Porch Light with E12 Socket, Waterproof Outside Lights for House Exterior Lamp Lighting for Frontdoor Patio Garage",74.98,https://www.amazon.com/s?k=exterior+lamps&page=1,https://m.media-amazon.com/images/I/71hcDSyzf5L._AC_UL320_.jpg
"LUTEC 2 Pack Outdoor Wall Light Fixtures, Exterior Waterproof Lanterns with Aluminum Frame and Clear Glass Shade, Modern Matte Black Wall Sconce Outdoor Lighting for Patio, Front Door, Entryway",33.99,https://www.amazon.com/s?k=exterior+lamps&page=1,https://m.media-amazon.com/images/I/71NFVvBoDML._AC_UL320_.jpg
"Retro Outdoor Wall Light Small Outside Wall Lamp with Clear Seeded Glass Shade 10""H Exterior Light Fixtures Wall Mount IP65 Waterproof Outdoor Porch House Lighting Exterior Wall Lantern E26,Black",75.90,https://www.amazon.com/s?k=exterior+lamps&page=2,https://m.media-amazon.com/images/I/71gtn4N38jL._AC_UL320_.jpg
"Outdoor Wall Lantern, Exterior Lighting Fixtures Wall Mount, 2 Pack Black Outdoor Sconce with Seeded Glass, Exterior Porch/Patio Lights for House Front Door Garage",67.99,https://www.amazon.com/s?k=exterior+lamps&page=2,https://m.media-amazon.com/images/I/618GAGRiz3L._AC_UL320_.jpg
"2 Pack Motion Sensor Outdoor Wall Lights, Dusk to Dawn Lighting, Led Exterior Light Fixture, Anti-Rust Lantern for Front Porch, Waterproof Black Outdoor Wall Sconce for House Garage Patio",89.94,https://www.amazon.com/s?k=exterior+lamps&page=2,https://m.media-amazon.com/images/I/71o4j3WKGeL._AC_UL320_.jpg
"Outdoor Wall Light Fixtures 9.76'', Waterproof Porch Lights Lantern, Exterior Modern Matte Black Wall Mount Lighting, Anti-Rust E26 Socket Outside Scones for Front Door Garage Patio, 2 Pack",49.98,https://www.amazon.com/s?k=exterior+lamps&page=2,https://m.media-amazon.com/images/I/71vtiUYDuhL._AC_UL320_.jpg
"2-Pack Outdoor Wall Lanterns, Exterior Wall Sconce Light Fixture, Waterproof Anti-Rust Aluminum Porch Lights, Clear Glass Black Wall Mount Lighting, E26 Socket Wall Lamps for House(Bulb not Included)",39.99,https://www.amazon.com/s?k=exterior+lamps&page=2,https://m.media-amazon.com/images/I/71GbBl8T+bL._AC_UL320_.jpg
"PASAMIC 63"" Solar Lamp Post 2Pack, Outdoor Lights Waterproof, Pole Lights Outdoor, Floor Lamp for Patio, Warm White, Replaceable Bulb",39.99,https://www.amazon.com/s?k=exterior+lamps&page=2,https://m.media-amazon.com/images/I/61zt4GXVwQL._AC_UL320_.jpg
"Retro Outdoor Wall Light Small Outside Wall Lamp with Clear Seeded Glass Shade 10""H Exterior Light Fixtures Wall Mount IP65 Waterproof Outdoor Porch House Lighting Exterior Wall Lantern E26,Black",75.90,https://www.amazon.com/s?k=exterior+lamps&page=2,https://m.media-amazon.com/images/I/71gtn4N38jL._AC_UL320_.jpg
"Outdoor Wall Lantern, Exterior Lighting Fixtures Wall Mount, 2 Pack Black Outdoor Sconce with Seeded Glass, Exterior Porch/Patio Lights for House Front Door Garage",67.99,https://www.amazon.com/s?k=exterior+lamps&page=2,https://m.media-amazon.com/images/I/618GAGRiz3L._AC_UL320_.jpg
"Outdoor Wall Light Fixtures 9.76'', Waterproof Porch Lights Lantern, Exterior Modern Matte Black Wall Mount Lighting, Anti-Rust E26 Socket Outside Scones for Front Door Garage Patio, 2 Pack",49.98,https://www.amazon.com/s?k=exterior+lamps&page=2,https://m.media-amazon.com/images/I/71vtiUYDuhL._AC_UL320_.jpg
"LED Dusk to Dawn Outdoor Wall Lantern with Sensor - Exterior Porch Lighting Fixtures, Black Outside Wall Mount Sconce with 13W 3000K for House Garage, Doorway Garden Patio, 100% Waterproof Anti-Rust",51.99,https://www.amazon.com/s?k=exterior+lamps&page=2,https://m.media-amazon.com/images/I/51KxjPi-i8L._AC_UL320_.jpg
"2 Pack 20W LED Porch Light Outdoor Wall Lights,3 Color Modern Rectangular Exterior Lighting Fixtures,Outdoor Waterproof Wall Sconce for House Patio Exterior Wall Mount Front Porch Lights",79.99,https://www.amazon.com/s?k=exterior+lamps&page=2,https://m.media-amazon.com/images/I/61l1cmErX6L._AC_UL320_.jpg
"Outdoor Wall Light 2Pack, LED Up and Down Lights, IP65 Aluminum Waterproof Outdoor Wall Lamps, Modern Porch Lantern Spotlights, 3000k 6W Black Exterior Wall Sconces",39.99,https://www.amazon.com/s?k=exterior+lamps&page=2,https://m.media-amazon.com/images/I/61U+eTWp8XL._AC_UL320_.jpg
"2-Pack Outdoor Wall Lanterns, Exterior Waterproof Wall Sconce with Glass Shades, Matte Black Porch Lights Wall Mounted, Anti-Rust E26 Modern Wall Lighting Fixtures for Patio Garage Entryway Front Door",49.99,https://www.amazon.com/s?k=exterior+lamps&page=2,https://m.media-amazon.com/images/I/81qMVSejdrL._AC_UL320_.jpg
"LED Dusk to Dawn Outdoor Wall Lantern with Sensor - Exterior Porch Lighting Fixtures, Black Outside Wall Mount Sconce with 13W 3000K for House Garage, Doorway Garden Patio, 100% Waterproof Anti-Rust",51.99,https://www.amazon.com/s?k=exterior+lamps&page=2,https://m.media-amazon.com/images/I/51KxjPi-i8L._AC_UL320_.jpg
"VIANIS Dusk to Dawn Exterior Light Fixture, Waterproof Outdoor Wall Sconce Porch Light for House, 100% Anti-Rust Aluminum Outside House Lights, Farmhouse Coach Lantern for Garage, Front Door 2Pcs",89.99,https://www.amazon.com/s?k=exterior+lamps&page=2,https://m.media-amazon.com/images/I/81RRWrtDwIL._AC_UL320_.jpg
"WIHTU 13.5"" Exterior Light Fixture 2-Light, Large Outdoor Porch Light, Black Modern Wall Sconce Lamp, Waterproof Coach Lights with Tempered Glass, Outdoor Lights for House(Bulbs Included)",29.99,https://www.amazon.com/s?k=exterior+lamps&page=2,https://m.media-amazon.com/images/I/71jOHQJUsRL._AC_UL320_.jpg
"Motion Sensor Outdoor Wall Lantern, Updated Dusk to Dawn Outdoor Lighting, Exterior Light Fixtures, Black Porch Lights & Outside Wall Sconces with Water Rippled Glass for Patio Garage Entryway House",47.99,https://www.amazon.com/s?k=exterior+lamps&page=2,https://m.media-amazon.com/images/I/717Ap9vZaIL._AC_UL320_.jpg
"OKELI Dusk to Dawn Outdoor Wall Lights, Exterior Waterproof Lantern, Front Porch Sconce Lighting with Water Ripple Glass Shade, Anti-Rust Wall Lamps Outside Lights for House Garage (2 Pack)",47.49,https://www.amazon.com/s?k=exterior+lamps&page=2,https://m.media-amazon.com/images/I/7107rjAccJL._AC_UL320_.jpg
"Outdoor Wall Sconces Light Fixtures Exterior Wall Lantern Outside House Lamps Waterproof Black Metal with Clear Seeded Glass, Perfect for Exterior Porch Patio House",89.30,https://www.amazon.com/s?k=exterior+lamps&page=2,https://m.media-amazon.com/images/I/61ZQhJj1AvL._AC_UL320_.jpg
"Dusk to Dawn Outdoor Wall Light, Up and Down Porch Light in 2 Lights, Modern Exterior Light Fixture IP65 Waterproof Wall Sconce for House Patio Garage Cylinder Aluminum Matte Black ETL",58.99,https://www.amazon.com/s?k=exterior+lamps&page=2,https://m.media-amazon.com/images/I/71OezwPlivL._AC_UL320_.jpg
"15"" Dusk to Dawn Black Outdoor Wall Lantern, Outside Modern Wall Sconce Light Fixture, Porch Light Wall Mount with E12 Socket and Glass, Waterproof Exterior Lamp Lighting for Patio Garage, 1Pack",64.98,https://www.amazon.com/s?k=exterior+lamps&page=2,https://m.media-amazon.com/images/I/71Bu1OZeFQL._AC_UL320_.jpg
"2 Packs Motion Sensor Outdoor Lights - Brown Dusk to Dawn Outdoor Lighting, Oil Rubbed Bronze Exterior Light Fixtures, Waterproof Porch Lights Wall Sconce for House, Garage, Entryway Anti-Rust",79.98,https://www.amazon.com/s?k=exterior+lamps&page=2,https://m.media-amazon.com/images/I/71Ol+J8BHnL._AC_UL320_.jpg
"2 Pack 19"" Large Outside Modern Wall Sconce Light Fixture, Industrial Porch Light Wall Mount with Glass, Waterproof Farmhouse Exterior Lamp Lighting Bulbs Included",59.99,https://www.amazon.com/s?k=exterior+lamps&page=2,https://m.media-amazon.com/images/I/71oj1jCz1sL._AC_UL320_.jpg
"Outdoor Light Fixture Wall Mount, Modern Exterior Lights Fixture Wall Sconces with Seeded Glass for Front Porch, Farmhouse Waterproof Black Carriage Lantern Lamp Outside for Home, Garage, 2 Pack",89.98,https://www.amazon.com/s?k=exterior+lamps&page=2,https://m.media-amazon.com/images/I/810YMOVxffL._AC_UL320_.jpg
"2 Pack 20W LED Porch Light Outdoor Wall Lights,3 Color Modern Rectangular Exterior Lighting Fixtures,Outdoor Waterproof Wall Sconce for House Patio Exterior Wall Mount Front Porch Lights",79.99,https://www.amazon.com/s?k=exterior+lamps&page=2,https://m.media-amazon.com/images/I/61l1cmErX6L._AC_UL320_.jpg
Solar Street Lights Outdoor Waterproof: 2 Pack LED Solar Dusk to Dawn Flood Light Outside 10000 Lumen Solar Powered Security Exterior Wall Mount Lamp Motion Sensor Remote Control for Yard Parking,35.99,https://www.amazon.com/s?k=exterior+lamps&page=2,https://m.media-amazon.com/images/I/81ufD9hY0XL._AC_UL320_.jpg
Motion Sensor Outdoor Lights 18W 1500lm LED Wall Light IP65 Waterproof Aluminum Wall Sconce Lamp 3000K Warm White Dusk to Dawn Sensor Security Lights for Garage Patio Walkway Porch Garden,39.99,https://www.amazon.com/s?k=exterior+lamps&page=2,https://m.media-amazon.com/images/I/61WwWbPCr1L._AC_UL320_.jpg
"4Pack 18inch Outdoor Wall Light Fixtures, Exterior Waterproof Modern Matte Black Wall Lamps with Glass Shades,E26 Sockets Porch Light for Front Door Patio Entryway",230.39,https://www.amazon.com/s?k=exterior+lamps&page=2,https://m.media-amazon.com/images/I/61lmAlJvFHL._AC_UL320_.jpg
"Outdoor Wall Mounted Lighting with Milk Glass Modern Exterior Aluminium Light Fixture Waterproof Matt Black Outside Lamp for Balcony Garage, Doorway House Porch Garage",32.99,https://www.amazon.com/s?k=exterior+lamps&page=2,https://m.media-amazon.com/images/I/41pVuYMGYFL._AC_UL320_.jpg
"Ken & Ricky Outdoor Wall Sconce, Exterior Wall Light Fixtures, Cylinder Outside Lights for House Porch Garage Patio Doorway Entryway -2 Pack",49.99,https://www.amazon.com/s?k=exterior+lamps&page=2,https://m.media-amazon.com/images/I/714wgRkmNWL._AC_UL320_.jpg
"2-Pack Large Outdoor Wall Light, 16"" Light Fixtures Wall Mount, Exterior Waterproof Wall Sconce Light Fixture, 2-Light Modern Black Outdoor Lamps for Patio, Entryway",78.99,https://www.amazon.com/s?k=exterior+lamps&page=2,https://m.media-amazon.com/images/I/71X5jvJstKL._AC_UL320_.jpg
"Hyunbae Outdoor Wall Sconce, 18.9"" Large Size Wall Light, Exterior Light Fixtures Wall Mount for House, Globe Glass Front Porch Lights, Waterproof Outside Lighting Sconce Lamp with E26 Base",95.99,https://www.amazon.com/s?k=exterior+lamps&page=2,https://m.media-amazon.com/images/I/61NlKO0FAEL._AC_UL320_.jpg
"2 Packs 24"" Extra Large Dusk to Dawn Light Fixture 3-Light, Black Outdoor Porch Lantern Wall Mounted, Waterproof Modern Outside Wall Sconce Coach Lamp for House, E12",189.99,https://www.amazon.com/s?k=exterior+lamps&page=2,https://m.media-amazon.com/images/I/71L+FG3eEiL._AC_UL320_.jpg
Motion Sensor Outdoor Wall Lantern Dusk to Dawn Exterior Porch Light Fixture Brown Outside Garage Sconce Lighting Waterproof Farmhouse Wall Mount Carriage Lamp for House Patio Doorway,49.99,https://www.amazon.com/s?k=exterior+lamps&page=2,https://m.media-amazon.com/images/I/71GWdvYPe7L._AC_UL320_.jpg
"19"" Large Outdoor Light Fixture 2 Pack, Porch Lights Sconce Exterior Lighting Fixtures, Black Outside Lights for House Modern Wall Lantern, Anti Rust Outside Coach Lamps for House, Doorway, Garage",79.99,https://www.amazon.com/s?k=exterior+lamps&page=2,https://m.media-amazon.com/images/I/71ICqgd62GL._AC_UL320_.jpg
"2pack Outdoor Wall Light Fixtures, Modern Outdoor Lights Exterior for House Ip65 Waterproof Rust Outdoor Light Fixtures Hardwire Wall Mount Exterior Lighting (Warm White, 11.8inch)",52.99,https://www.amazon.com/s?k=exterior+lamps&page=2,https://m.media-amazon.com/images/I/71zYN84rMSL._AC_UL320_.jpg
"Dusk to Dawn Outdoor Lighting, Up and Down Lights Outdoor Wall Sconce - 2 Light Lamps A19 Included,Exterior Light Fixture Outdoor Wall Lights for Garage,Porch,Front Door [ETL Listed]",52.99,https://www.amazon.com/s?k=exterior+lamps&page=2,https://m.media-amazon.com/images/I/611Nixaug+L._AC_UL320_.jpg
"Oil Rubbed Bronze LED Dusk to Dawn Outdoor Lighting 2 Packs, 16"" Large Outside Farmhouse Wall Lantern Brown, Industrial Porch Wall Mount Light Fixture with Rippled Glass, Modern Exterior Sconce Lamp",99.99,https://www.amazon.com/s?k=exterior+lamps&page=2,https://m.media-amazon.com/images/I/81Asr+uucNL._AC_UL320_.jpg
"2 Pack Porch Light with Outlet,Dusk to Dawn Outdoor Lighting, Outdoor Wall Sconce Waterproof Exterior Wall Light Fixtures, Anti-Rust Wall Lamp with Clear Glass for Patio Doorway Garage",69.99,https://www.amazon.com/s?k=exterior+lamps&page=2,https://m.media-amazon.com/images/I/61tgNZN4O1L._AC_UL320_.jpg
"Yisuro Dusk to Dawn Porch Lights, Exterior Lights Fixture, Black Wall Light Fixture with Crystal Bubble Glass LED Wall Lamp, Modern Porch Lantern for House Porch Entryway Patio Garage (2 Pack)",92.99,https://www.amazon.com/s?k=exterior+lamps&page=2,https://m.media-amazon.com/images/I/81GR2UPI08L._AC_UL320_.jpg
"[2 Pack] Solar Porch Lights Outdoor Motion Sensor, Solar Wall Lights with 2 Modes & Waterproof, Dusk to Dawn LED Outdoor Solar Lights for House, Exterior Front Porch Patio Fence Security Lamp",36.45,https://www.amazon.com/s?k=exterior+lamps&page=2,https://m.media-amazon.com/images/I/617FVSkw3XL._AC_UL320_.jpg
"Dusk to Dawn Outdoor Lighting Fixtures Wall Mount, Outside Exterior Front Porch Lights for House, Sensor Wall Sconce Lantern Lamp, Waterproof Black Coach Lights for Garage Patio (2 Pack)",29.99,https://www.amazon.com/s?k=exterior+lamps&page=2,https://m.media-amazon.com/images/I/81KdBXLECyL._AC_UL320_.jpg
"LE Solar Lights for Outside, Solar Lights Outdoor with Motion Sensor, WL4000 High Brightness, 3 Adjustable Heads 270° Wide Lighting Angle, IP65 Waterproof, Wireless Wall Lamp for Yard Garage, 2 Packs",39.98,https://www.amazon.com/s?k=exterior+lamps&page=2,https://m.media-amazon.com/images/I/71cZUz7BKCL._AC_UL320_.jpg
"LUTEC 2-Pack LED Up & Down Modern Wall Lamp, Aluminum Anti-Rust Outdoor Indoor Wall Sconce, 10W 3000K Warm White, Adjustable Exterior Wall Light, Waterproof for Porch, Patio, Garden, Bedroom-Black",47.99,https://www.amazon.com/s?k=exterior+lamps&page=2,https://m.media-amazon.com/images/I/81ILMGPLkjL._AC_UL320_.jpg
"4 Pack Outdoor Lighting Dusk to Dawn Wall Lights, Cylinder Up Down Lights Fixture, IP65 Waterproof Aluminum Wall Sconce Exterior Wall Lamp with Sensor for Porch Patio ETL Black",127.99,https://www.amazon.com/s?k=exterior+lamps&page=2,https://m.media-amazon.com/images/I/61dLeFTSnyL._AC_UL320_.jpg
"PARTPHONER Modern Outdoor Light Fixture, Exterior Wall Sconce Waterproof Porch Light, Outside Lamp for House with Water Glass for Garage Doorway",49.99,https://www.amazon.com/s?k=exterior+lamps&page=2,https://m.media-amazon.com/images/I/81HwyHDKybL._AC_UL320_.jpg
"PARTPHONER Dusk to Dawn Outdoor Wall Sconce 2-Light, Transitional Wall Lantern Tall Wall Lamp, Waterproof Exterior Lighting Fixture with E12 Base Outside Lights for House Porch Garage, Black 2 Pack",49.99,https://www.amazon.com/s?k=exterior+lamps&page=2,https://m.media-amazon.com/images/I/713mmWsnbdL._AC_UL320_.jpg
"19"" Oil Rubbed Bronze Outdoor Wall Lantern 2-Light, Large Outside Modern Sconce Light Fixture, Brown Porch Light Wall Mount with Glass, Waterproof Farmhouse Exterior Lamp Lighting, 2 Pack",109.99,https://www.amazon.com/s?k=exterior+lamps&page=2,https://m.media-amazon.com/images/I/71BuSKDlYNL._AC_UL320_.jpg
"SOLPEX Solar Deck Lights Outdoor 16 Pack, Solar Step Lights Waterproof Led Solar lights for Outdoor Stairs, Step , Fence, Yard, Patio, and Pathway(Warm White)",29.99,https://www.amazon.com/s?k=exterior+lamps&page=2,https://m.media-amazon.com/images/I/71Zri4ZTl3L._AC_UL320_.jpg
"Modern LED Outdoor Wall Sconce 17W Integrated LED Outdoor Wall Mount,Anti Rust Textured Black Suit for Wet Locations and All Rooms,Easily Installed in Any Direction.Bulb Included.",83.99,https://www.amazon.com/s?k=exterior+lamps&page=2,https://m.media-amazon.com/images/I/81dJ5H2o6zL._AC_UL320_.jpg
"Barn Lights Outdoor Gooseneck - 15"" Black Dusk to Dawn Exterior Barn Lights for House, Farmhouse Wall Lighting Fixtures with Photocell for Porch Garage (15"" Diameter, 1pc)",119.99,https://www.amazon.com/s?k=exterior+lamps&page=2,https://m.media-amazon.com/images/I/51QCLVzbrXL._AC_UL320_.jpg
"SOKHNA Modern Outdoor Waterproof Wall Light,6W Porch Wall lamp,Up Down Porch Wall Light Indoor Matte Black Wall Mount Light Fixture for Yards,Doorways",17.99,https://www.amazon.com/s?k=exterior+lamps&page=2,https://m.media-amazon.com/images/I/61ySknQBXtS._AC_UL320_.jpg
"Dusk to Dawn Outdoor Lighting 2 Pack, Porch Lights Outdoor Wall Lamps for Patio Waterproof 3000K Warm White Exterior Light Fixture Sconce for House Hallway Garden Corridor",59.99,https://www.amazon.com/s?k=exterior+lamps&page=2,https://m.media-amazon.com/images/I/81m58BIFLML._AC_UL320_.jpg
"Gold Long LED Porch Lights 34 in Modern Exterior Lighting Fixtures Waterproof Outdoor Wall Lights Outside Lights for House Garage Front Door Patio,2 Pack",139.99,https://www.amazon.com/s?k=exterior+lamps&page=2,https://m.media-amazon.com/images/I/81F4ZWxjS2L._AC_UL320_.jpg
"EDISHINE Dusk to Dawn Outdoor Wall Lights, Porch Light Fixture with GFCI Outlet, Exterior Wall Lantern with E26 Socket, Waterproof Outside Wall Sconce Wall Mount Lamp for Front Door, Patio, Garage",59.99,https://www.amazon.com/s?k=exterior+lamps&page=2,https://m.media-amazon.com/images/I/81-BhmDiJJL._AC_UL320_.jpg
"2 Pack Outdoor Wall Lights, Waterproof Exterior Wall Sconce, Black Porch Light Wall Mounted, Outdoor Wall Lighting Fixtures with Clear Glass, Modern Outside Wall Lamps for House, Patio, Garage",71.99,https://www.amazon.com/s?k=exterior+lamps&page=2,https://m.media-amazon.com/images/I/71IlNj3EMuL._AC_UL320_.jpg
"2-Pack Outdoor Wall Lights, Porch Lights, Waterproof Outdoor Wall Sconce, Exterior Light Fixtures Matte Black with Clear Glass Shade for House Garage Patio Front Door Balcony",39.99,https://www.amazon.com/s?k=exterior+lamps&page=2,https://m.media-amazon.com/images/I/71uxJ0gM2HL._AC_UL320_.jpg
"2 Pack 19"" Large Outside Modern Wall Sconce Light Fixture, Industrial Porch Light Wall Mount with Glass, Waterproof Farmhouse Exterior Lamp Lighting Bulbs Included",59.99,https://www.amazon.com/s?k=exterior+lamps&page=2,https://m.media-amazon.com/images/I/71oj1jCz1sL._AC_UL320_.jpg
"Milaii Copper Brass Outdoor Wall Lights,13.4"" Exterior Lantern Light Fixture Waterproof Anti-Rust Wall Mount Lamp with Clear Glass E26 Socket Porch Light for Garage Entryway Patio Balcony",105.00,https://www.amazon.com/s?k=exterior+lamps&page=2,https://m.media-amazon.com/images/I/71LTh4iSGzL._AC_UL320_.jpg
"ASD LED 18 Inch Bubble Glass Wall Light Fixture | 12W 500LM 3000K-5000K 120V | 3CCT, Waterproof, Photocell, ETL Listed | Exterior Dusk to Dawn Flush Mount Sconce, Outdoor Lighting | Black",58.99,https://www.amazon.com/s?k=exterior+lamps&page=2,https://m.media-amazon.com/images/I/815W3-FVUAL._AC_UL320_.jpg
"Motion Sensor Outdoor Lights,12inch Large Exterior Farmhouse Wall Mounted Lamp,E26 Barn Lights with Gooseneck,Vintage Matte Black Outside Sconce,Anti-Rust Waterproof Porch Light for House Garage",56.99,https://www.amazon.com/s?k=exterior+lamps&page=2,https://m.media-amazon.com/images/I/51PP0GBh-mL._AC_UL320_.jpg
"15.4"" Dusk to Dawn Black Outdoor Wall Lantern 2-Light, Outside Modern Wall Sconce Light Fixture, Industrial Porch Light with E12 Sockets, Waterproof Exterior Lamp Lighting, 1 Pack",49.98,https://www.amazon.com/s?k=exterior+lamps&page=2,https://m.media-amazon.com/images/I/71CFhKdgBBL._AC_UL320_.jpg
8 Pack Solar Wall Lights for Outside Solar Fence Lights Up and Down Fence LED Outdoor Decorative Waterproof Lamps Dusk to Dawn LED Lighting Wall Sconces for Outside Walkway Backyard Deck(Cold Light),29.99,https://www.amazon.com/s?k=exterior+lamps&page=2,https://m.media-amazon.com/images/I/71eQAyH6ujL._AC_UL320_.jpg
"ALVIME Outdoor Wall Lights Fixture, Exterior Wall Lanterns, Waterproof&All-Weather Sconce, Porch Outside Lamps for Entryway, House Front Door Patio Garage, E26 Base&Clear Seedy Glass",47.49,https://www.amazon.com/s?k=exterior+lamps&page=3,https://m.media-amazon.com/images/I/71xXrnISOqL._AC_UL320_.jpg
"2-Pack Waterproof Aluminum Outdoor Light Fixture Wall Mount Exterior Porch Lights Outdoor Wall Lamp,Anti-Rust Porch Lights for Outside Garage Patio Exterior Lights for House",56.99,https://www.amazon.com/s?k=exterior+lamps&page=3,https://m.media-amazon.com/images/I/61lzC9Fj6OL._AC_UL320_.jpg
Outdoor Wall Sconce Light White LED Wall Mount Lantern Waterproof Exterior Wall Light Fixtures with Clear Glass Aluminum Wall Lamps for Porch House Front Door 750LM,69.99,https://www.amazon.com/s?k=exterior+lamps&page=3,https://m.media-amazon.com/images/I/71MilG6KxXL._AC_UL320_.jpg
"EDISHINE Dusk to Dawn Outdoor Wall Lights, 20.4"" Large Size Exterior Lantern Fixture, Porch Lights Wall Mount, Roman Wall Lamp, Waterproof Outside Wall Sconce for Front Door Garage, Black",89.99,https://www.amazon.com/s?k=exterior+lamps&page=3,https://m.media-amazon.com/images/I/71gOQNf4gnL._AC_UL320_.jpg
"EDISHINE Dusk to Dawn Outdoor Wall Light, 17"" Exterior Light Fixture Wall Lantern, Black Roman Porch Light Wall Lamp with Water Ripple Glass, Waterproof Wall Mount Sconce for Porch, Garage, Patio",49.99,https://www.amazon.com/s?k=exterior+lamps&page=3,https://m.media-amazon.com/images/I/71p5Kg88v3L._AC_UL320_.jpg
"15.2'' Outdoor Light Fixtures 2 Pack, Black Exterior Wall Sconces Large Outside Lights for House, Waterproof Wall Lantern Black Wall Lamp Anti-Rust with Glass for Patio, Porch, Garage",64.89,https://www.amazon.com/s?k=exterior+lamps&page=3,https://m.media-amazon.com/images/I/711nZZNLnIL._AC_UL320_.jpg
8 Pack Solar Wall Lights for Outside Solar Fence Lights Up and Down Fence LED Outdoor Decorative Waterproof Lamps Dusk to Dawn LED Lighting Wall Sconces for Outside Walkway Backyard Deck(Cold Light),29.99,https://www.amazon.com/s?k=exterior+lamps&page=3,https://m.media-amazon.com/images/I/71eQAyH6ujL._AC_UL320_.jpg
"Outdoor Wall Lantern, Exterior Light Wall Mount with Water Glass, Black Outside Sconce Light, Aluminum Exterior Lights for House Porch Garage",62.99,https://www.amazon.com/s?k=exterior+lamps&page=3,https://m.media-amazon.com/images/I/617ddRseaVL._AC_UL320_.jpg
"2-Pack Waterproof Aluminum Outdoor Light Fixture Wall Mount Exterior Porch Lights Outdoor Wall Lamp,Anti-Rust Porch Lights for Outside Garage Patio Exterior Lights for House",56.99,https://www.amazon.com/s?k=exterior+lamps&page=3,https://m.media-amazon.com/images/I/61lzC9Fj6OL._AC_UL320_.jpg
"Motion Sensor Outdoor Wall Light - Black Dusk to Dawn Outdoor Lighting, LED Waterproof Exterior Light Fixture, Modern Porch Light Outside Wall Mount for House Patio Garage Garage, Anti-Rust",48.98,https://www.amazon.com/s?k=exterior+lamps&page=3,https://m.media-amazon.com/images/I/81ypSHNibGL._AC_UL320_.jpg
Dusk to Dawn Outdoor Wall Lanterns Large Exterior Porch Lights Wall Mount IP65 Waterproof Outdoor Sconces with Seeded Glass Outside Wall Lamp for House Garage Front Porch Patio,109.90,https://www.amazon.com/s?k=exterior+lamps&page=3,https://m.media-amazon.com/images/I/715Tgg52COS._AC_UL320_.jpg
"ALVIME Outdoor Wall Lights Fixture, Exterior Wall Lanterns, Waterproof&All-Weather Sconce, Porch Outside Lamps for Entryway, House Front Door Patio Garage, E26 Base&Clear Seedy Glass",47.49,https://www.amazon.com/s?k=exterior+lamps&page=3,https://m.media-amazon.com/images/I/71xXrnISOqL._AC_UL320_.jpg
"5000W Solar Street Lights Outdoor,7000K Outdoor LED Street Light Dusk to Dawn, LED Wide Angle Lamp with Motion Sensor and Remote Control, for Parking Lot, Yard, etc.2-Pack",59.99,https://www.amazon.com/s?k=exterior+lamps&page=3,https://m.media-amazon.com/images/I/71a87+Z09HL._AC_UL320_.jpg
"Outdoor Wall Light for House, Large Exterior Waterproof Lanterns, Black Sensor Wall Sconce Lamp, Waterproof Lantern, Anti Rust Outside Coach Lights for House, Doorway, Garage 2 Pack",59.99,https://www.amazon.com/s?k=exterior+lamps&page=3,https://m.media-amazon.com/images/I/71jq5JBRjOL._AC_UL320_.jpg
Solar Flood Lights Outdoor LED: 2 Pack Solar Street Lights Outdoor Waterproof Dusk to Dawn 12000 Lumen Solar Powered Wall Mount Lamp Motion Sensor Security Remote Control for Yard Parking Driveway,54.99,https://www.amazon.com/s?k=exterior+lamps&page=3,https://m.media-amazon.com/images/I/81it5CrYiHL._AC_UL320_.jpg
"Darkaway Outdoor Porch Lights Wall Mount, Outside Light Fixtures Sconces Wall Lighting with Water Ripple Glass Waterproof Exterior Lights for Patio Yard House Hallway Doorway Garage",52.99,https://www.amazon.com/s?k=exterior+lamps&page=3,https://m.media-amazon.com/images/I/71MyzXXbyDL._AC_UL320_.jpg
Wrasse Porch Lights Outdoor 2000 Lumen Wall Light Fixtures 6500K Modern Exterior Sconces Wall Lighting for House Outside(2 Pack),70.19,https://www.amazon.com/s?k=exterior+lamps&page=3,https://m.media-amazon.com/images/I/81Q+VETQSDL._AC_UL320_.jpg
"WIHTU 2-Pack Dusk to Dawn Outdoor Wall Lights, Sensor Exterior Light Fixtures, Porch Lights, Black Waterproof Wall Sconces, Outside Lighting for Garage, Front Door",49.99,https://www.amazon.com/s?k=exterior+lamps&page=3,https://m.media-amazon.com/images/I/81E9sRYdzCL._AC_UL320_.jpg
"SLAWA Outdoor Post Lights Fixture, Modern Yard Entry Outdoor Column Lights with Aluminum Housing, Patio Pillar Lights Outdoor with Tempered Glass, IP65 Waterproof",65.99,https://www.amazon.com/s?k=exterior+lamps&page=3,https://m.media-amazon.com/images/I/51U2IM0x3KS._AC_UL320_.jpg
"2-Pack Outdoor Wall Light, Exterior Waterproof Wall Sconce Light Fixtures, 10"" Black Outdoor Wall Lamp with Clear Glass for House, Porch, Front Door, Garage, Patio, Bulbs Not Included",44.99,https://www.amazon.com/s?k=exterior+lamps&page=3,https://m.media-amazon.com/images/I/71Va-hIfNwL._AC_UL320_.jpg
"18” Large Outdoor Light Fixtures Oil Rubbed Bronze 2 Pack, Exterior Lights House Porch Lights Outside Sconces Anti-Rust Aluminum Patio Wall Lanterns Brown Wall Mount Lamps, IP65 Waterproof",79.99,https://www.amazon.com/s?k=exterior+lamps&page=3,https://m.media-amazon.com/images/I/71-VXOu5SGL._AC_UL320_.jpg
"TOBUSA 2-Pack Outdoor Light Fixtures, 100% Aluminium Waterproof Exterior Wall Lantern, Anti-Rust Outside Black Wall Sconce Porch Lights for House Garage, Doorway, Bulbs Not Included",49.99,https://www.amazon.com/s?k=exterior+lamps&page=3,https://m.media-amazon.com/images/I/616PQarivAL._AC_UL320_.jpg
"mirrea 14-inch Outdoor Porch Wall Light for House, Waterproof Exterior Sconce for Patio, Wall Mount Lighting Fixture for Front Door, Permanent Outside Lamp for Garage, Matte Black, Set of 2",69.99,https://www.amazon.com/s?k=exterior+lamps&page=3,https://m.media-amazon.com/images/I/61yC93q-IYL._AC_UL320_.jpg
Dusk to Dawn Outdoor Wall Lanterns Large Exterior Porch Lights Wall Mount IP65 Waterproof Outdoor Sconces with Seeded Glass Outside Wall Lamp for House Garage Front Porch Patio,109.90,https://www.amazon.com/s?k=exterior+lamps&page=3,https://m.media-amazon.com/images/I/715Tgg52COS._AC_UL320_.jpg
"Yisuro Porch Lights with GFCI Outlet, Outdoor Lights Dusk to Dawn Motion Sensor, 3 Lighting Modes Exterior Light Fixture Waterproof for House Front Door Patio, Black",46.99,https://www.amazon.com/s?k=exterior+lamps&page=3,https://m.media-amazon.com/images/I/711UsFa4FjL._AC_UL320_.jpg
"VIANIS Dusk to Dawn Outdoor Wall Lighting, Exterior Light Fixture Wall Mount for House Front Porch Light, Black Anti-Rust Aluminium Modern Outside Wall Lantern with Tempered Glass Shade for Garage",89.99,https://www.amazon.com/s?k=exterior+lamps&page=3,https://m.media-amazon.com/images/I/81z5pv1zNeL._AC_UL320_.jpg
"LUTEC 2 Packs 14W LED Flood Light Outdoor, 1300LM 5000K Single-Head Floodlight, Waterproof Exterior Security Fixture Wall Light for House Patio Garden Yard",34.99,https://www.amazon.com/s?k=exterior+lamps&page=3,https://m.media-amazon.com/images/I/51uu+Mun4BL._AC_UL320_.jpg
"Dusk to Dawn Outdoor Light Fixtures, 15"" Outdoor Wall Light Fixtures, Black Exterior Wall Sconce Lights, Waterproof Outside Lantern Lamp for Porch, Front Door, Garage",64.99,https://www.amazon.com/s?k=exterior+lamps&page=3,https://m.media-amazon.com/images/I/81B5jAP927L._AC_UL320_.jpg
"20"" Large Exterior Lighting Fixtures Modern Wall Lantern,Outdoor Wall Lights with Clear Glass Shade,E26 Base Outdoor Lamps for Patio Porch,Waterproof Outside Exterior Lights for House 2 Pcs",169.99,https://www.amazon.com/s?k=exterior+lamps&page=3,https://m.media-amazon.com/images/I/71lLB9yFP3L._AC_UL320_.jpg
"8 Pack Solar Powered Fence Lights Outdoor Up and Down Wall Mount LED Decorative Waterproof Lamps for Outside Deck, Porch, Backyard, House, Patio, Powerful Battery for All Night Lighting (Warm White)",69.99,https://www.amazon.com/s?k=exterior+lamps&page=3,https://m.media-amazon.com/images/I/81rywCd4c2L._AC_UL320_.jpg
2 Pack Solar Outdoor Wall Lights with Motion Sensor 3-Mode Motion Outdoor Sconces 3000K 500LM Dusk to Dawn Solar Porch Light Fixtures Modern Up Down Exterior Wall Lamp for House Garage Front Door,89.68,https://www.amazon.com/s?k=exterior+lamps&page=3,https://m.media-amazon.com/images/I/81U1YvE0OkL._AC_UL320_.jpg
"73"" Aluminum Solar Lamp Post Light, 3-Head Solar Light Posts for Outside Waterproof, 90Lm Outdoor Lamps for Patio, Backyard, Front Porch Decor, Warm White, Replaceable Bulb",79.99,https://www.amazon.com/s?k=exterior+lamps&page=3,https://m.media-amazon.com/images/I/71LWNlZ4ENL._AC_UL320_.jpg
"4Pack 15inch LED Up and Down Wall Lights,18W Outdoor Wall Light Aluminum Body 4000K Day White Waterproof IP65 Outside Wall Lights 1800LM Outdoor Wall Mount Lights",94.49,https://www.amazon.com/s?k=exterior+lamps&page=3,https://m.media-amazon.com/images/I/81dedp-MkLL._AC_UL320_.jpg
"LED Long Wall Light Outdoor Wall Mounted Modern Lighting Fixture IP65 Waterproof Outdoor Wall Light, Suitable for Courtyard/Exterior Wall/Patio(6000K White Light, 23.6inch)",50.04,https://www.amazon.com/s?k=exterior+lamps&page=3,https://m.media-amazon.com/images/I/71oHQc4QovL._AC_UL320_.jpg
"17.6'' Outdoor Post Light 2 Packs, Black Pole Lantern Lighting Fixture Hard Wired, Waterproof Outdoor Column Lights Exterior Lamp Post Lantern with Glass for Garden Path(Not Include Mounting Base)",64.98,https://www.amazon.com/s?k=exterior+lamps&page=3,https://m.media-amazon.com/images/I/71IHFWJeYfL._AC_UL320_.jpg
"VIANIS Gold Outdoor Wall Light Dusk to Dawn Sensor, Exterior Wall Mount Sconces Lanterns Fixture for House, Golden Waterproof Aluminum Outside Wall Lamps for Patio, Porch Lighting for Garage Entryway",49.99,https://www.amazon.com/s?k=exterior+lamps&page=3,https://m.media-amazon.com/images/I/81pwbwvPGkL._AC_UL320_.jpg
mirrea Modern Outdoor Porch Light Patio Light in 2 Lights with Aluminum Cylinder and Tempered Glass Cover Waterproof Wall Sconce 2 Pack (Matte Black),59.99,https://www.amazon.com/s?k=exterior+lamps&page=3,https://m.media-amazon.com/images/I/51i8noZ6O4L._AC_UL320_.jpg
"200W LED Flood Lights 3 Pack, Outdoor IP66 Waterproof, 24000LM Bright Security Light, Outside Lamp, Exterior Floodlights Lighting for Garage, Garden, Stadium, Yard, Arena",115.99,https://www.amazon.com/s?k=exterior+lamps&page=3,https://m.media-amazon.com/images/I/71ac3B2j2UL._AC_UL320_.jpg
"Black Roman Outdoor Light Fixture, 17.7""H Dusk to Dawn Outdoor Lighting Wall Light, Waterproof Outside Porch Light Wall Sconce, Exterior Wall Lantern Lamp with Water Glass for Garage Porch Doorway",49.99,https://www.amazon.com/s?k=exterior+lamps&page=3,https://m.media-amazon.com/images/I/71RTa1YvE7L._AC_UL320_.jpg
"DEWENWILS Outdoor Wall Light Fixtures Wall Mount, Black Roman 17.7"" H Exterior Wall Lantern, Anti-Rust & Waterproof, Water Ripple Glass, Outside Wall Sconce Porch Light for House, Garage",49.99,https://www.amazon.com/s?k=exterior+lamps&page=3,https://m.media-amazon.com/images/I/71d4r2BF3+L._AC_UL320_.jpg
"2 Pack Outdoor Wall Lantern - Brown Exterior Waterproof Wall Sconce Light Fixtures - Porch Lights Front Door Wall Lighting with Clear Glass Shade,E26 Socket Wall Lamp for Patio Entryway",19.99,https://www.amazon.com/s?k=exterior+lamps&page=3,https://m.media-amazon.com/images/I/71hnAL5Xa4L._AC_UL320_.jpg
"Outdoor Post Light, 21 Inch Aluminum Outside Post Lantern, Waterproof Exterior Lamp Pole Lantern Head with Seeded Glass, Matte Black Column Lights for Patio Garden Walkway Landscape E26 Base Max 100W",79.99,https://www.amazon.com/s?k=exterior+lamps&page=3,https://m.media-amazon.com/images/I/61Eu+EJ6RVL._AC_UL320_.jpg
LONEDRUID Dusk to Dawn Sensor Outdoor Gooseneck Barn Light Fixtures Brown Exterior Wall Sconce Lighting Modern Outside Porch Lantern Waterproof Farmhouse Wall Mount Lamp for House Garage Patio,45.99,https://www.amazon.com/s?k=exterior+lamps&page=3,https://m.media-amazon.com/images/I/61RxXPcys-L._AC_UL320_.jpg
"Solar Lights Outdoor, 4000K Dusk to Dawn Motion Sensor Solar Lantern Light with 4 Modes, IP54 Waterproof, Wall Mount Outdoor Lamp for Yard Patio Exterior Frontdoor Porch Decorative",29.99,https://www.amazon.com/s?k=exterior+lamps&page=3,https://m.media-amazon.com/images/I/61XOr4yapML._AC_UL320_.jpg
"Water Ripple Outdoor Wall Lantern, Exterior Porch Light Fixture Black, 2 Pack Waterproof Wall Lights Fixture, Outside Garage Sconce Lighting, Porch Light Fixture, Mount Lamp, for Patio Outdoor Indoor",79.99,https://www.amazon.com/s?k=exterior+lamps&page=3,https://m.media-amazon.com/images/I/81B5qFQLY9L._AC_UL320_.jpg
"16-inch Dusk to Dawn Outdoor Wall Light Fixture, Large Black Exterior Wall Lantern Waterproof, Farmhouse Porch Sconce Lighting, Modern Wall-Mounted Outside Lights for House Garage, Patio Lamp, 2 Packs",84.99,https://www.amazon.com/s?k=exterior+lamps&page=3,https://m.media-amazon.com/images/I/61qfZujCmVL._AC_UL320_.jpg
"Outdoor Wall-Porch-Light, Modern Exterior LED Wall Sconce,24W-Led Matte Black Exterior Wall Fixtures,Mounted Wall Patio Lamps,3-Color-Changeable for Garage Walkway Backyard Garden",39.99,https://www.amazon.com/s?k=exterior+lamps&page=3,https://m.media-amazon.com/images/I/51hNRsLzmrL._AC_UL320_.jpg
"2 Pack Outdoor Wall Lights, Up/Down Modern Wall Sconce Exterior Lighting Fixture Square Wall Lamp Aluminum IP65 Waterproof Wall Mount Porch Lights ETL Listed E26 Bulbs Included 2700K",95.99,https://www.amazon.com/s?k=exterior+lamps&page=3,https://m.media-amazon.com/images/I/61KShL0rUZL._AC_UL320_.jpg
"Outdoor Wall Sconce Light, 24 Inch Tall Transitional Exterior Wall Bracket Lighting with Clear Glass, Anti-Rust Powder Coat Black Modern Outside Carriage Lantern Lamp for Porch Garage Patio",129.99,https://www.amazon.com/s?k=exterior+lamps&page=3,https://m.media-amazon.com/images/I/61I5dHaoWKL._AC_UL320_.jpg
"18 Inch Large Outdoor Light Fixture with 2-Light Candelabra, 1-Pack Water Ripple Glass Exterior Light Fixture IP65 Waterproof Outdoor Wall Lantern Outside Lamp Carriage Porch Light, E12",55.99,https://www.amazon.com/s?k=exterior+lamps&page=3,https://m.media-amazon.com/images/I/61LdSYMVqqL._AC_UL320_.jpg
"2-Pack Waterproof Aluminum Outdoor Light Fixture Wall Mount Exterior Porch Lights Outdoor Wall Lamp,Anti-Rust Porch Lights for Outside Garage Patio Exterior Lights for House",56.99,https://www.amazon.com/s?k=exterior+lamps&page=3,https://m.media-amazon.com/images/I/61lzC9Fj6OL._AC_UL320_.jpg
"Exterior Wall Lights,23.6in 36W LED Modern Porch & Patio Wall Light Fixture, Black Aluminum Exterior Sconce Wall Mounted Lights Suitable for Garage Living Room Courtyard House(3000K)",92.99,https://www.amazon.com/s?k=exterior+lamps&page=3,https://m.media-amazon.com/images/I/71z8D2yYPPL._AC_UL320_.jpg
"WIHTU Silver Exterior Lighting Fixtures Wall Mount, Dusk to Dawn Outdoor Porch Wall Lights, Sensor Wall Lantern Wall Lamp Set of 2, Waterproof Wall Sconce, Outside Lighting for Garage, Front Door",59.99,https://www.amazon.com/s?k=exterior+lamps&page=3,https://m.media-amazon.com/images/I/917H6U+GXuL._AC_UL320_.jpg
"Black Dusk to Dawn Outdoor Lighting Fixture, 15"" Large Outside Wall Mount Porch Lamp Waterproof Sconce, Modern Exterior Lantern for House with Water Glass",49.99,https://www.amazon.com/s?k=exterior+lamps&page=3,https://m.media-amazon.com/images/I/71kFAr0Mk4L._AC_UL320_.jpg
LONEDRUID Dusk to Dawn Outdoor Lamp Post Lights Waterproof Exterior Pole Lantern Lighting Fixtures with 3-Inch Pier Mount Base for Garden Patio Yard Pathway Driveway,49.99,https://www.amazon.com/s?k=exterior+lamps&page=3,https://m.media-amazon.com/images/I/61min4CwtPL._AC_UL320_.jpg
"4Pack 15inch LED Square Up & Down Wall Lights,14W Outdoor Wall Light 4000K Day White Aluminum Body Waterproof IP65 LED Exterior Light Fixtures Wall Mount for House Patio Garage Garden",80.99,https://www.amazon.com/s?k=exterior+lamps&page=3,https://m.media-amazon.com/images/I/71qJ4mUI6uL._AC_UL320_.jpg
"VIANIS 2-Pack Outdoor Wall Lights, Dusk to Dawn LED Outside Lighting Fixtures for House, Oil Rubbed Bronze Modern Exterior Sconce Light Wall Mount Lanterns, Crystal Bubble Glass Garage Lights Lamps",79.99,https://www.amazon.com/s?k=exterior+lamps&page=3,https://m.media-amazon.com/images/I/817pHuiT99L._AC_UL320_.jpg
"ALVIME Outdoor Wall Lights Fixture, Waterproof&All-Weather Garden Sconce, Exterior Wall Lanterns, Porch Outside Lamps for Entryway, House Front Door Patio Garage, E26 Base&Toughened Clear Glass 2-pack",62.69,https://www.amazon.com/s?k=exterior+lamps&page=3,https://m.media-amazon.com/images/I/71bS5F98rWL._AC_UL320_.jpg
"18"" Large Black Outdoor Wall Light Fixture, 2-Light Waterproof ETL Listed Outdoor Wall Lamp with Clear Glass, E12 Socket, Aluminum Outside Garage Light Lantern for House, Porch, Patio, Garage",62.49,https://www.amazon.com/s?k=exterior+lamps&page=3,https://m.media-amazon.com/images/I/71u5A6eV5vL._AC_UL320_.jpg
Hanging Lamp With Plug-in Cord - Outdoor Waterproof Pendant Light for Patio - MA6006,23.99,https://www.amazon.com/s?k=exterior+lamps&page=3,https://m.media-amazon.com/images/I/51SyeZT6GrL._AC_UL320_.jpg
"Motion Sensor Outdoor Wall Lights 2 Pack, Black Dusk to Dawn Light Fixtures Wall Mount, 16"" Exterior Wall Sconces Waterproof, Large Outside Lamps for House, Modern Porch Lanterns 3 Modes",77.89,https://www.amazon.com/s?k=exterior+lamps&page=3,https://m.media-amazon.com/images/I/71G5Tbs-JbL._AC_UL320_.jpg
"Outdoor Wall Lantern,Exterior Waterproof Wall Sconce Light Fixture with E26 Base Socket,Anti-Rust Matte Black Finish and Clear Glass Shade Wall Lamp for Porch, Pack of 1",29.99,https://www.amazon.com/s?k=exterior+lamps&page=3,https://m.media-amazon.com/images/I/51Tc6K1Ty3L._AC_UL320_.jpg
"Dusk to Dawn Outdoor Wall Light Fixtures, Exterior Wall Lamp, Waterproof Black Exterior Sconce Light Fixture, Modern Outside Lights for Porch, Wall Mounted House Lantern (2 Pack)",39.99,https://www.amazon.com/s?k=exterior+lamps&page=3,https://m.media-amazon.com/images/I/51Iugn4Ih-L._AC_UL320_.jpg
Wrasse Porch Lights Outdoor Waterproof 2000LM 20W Modern Exterior Neutral White Lighting Fixtures 6500K Black Outdoor Light Wall Mount Sconce Wired for House/Garage Front Door Outside,34.19,https://www.amazon.com/s?k=exterior+lamps&page=3,https://m.media-amazon.com/images/I/9117S3EKY+L._AC_UL320_.jpg
"Outdoor Wall Lantern, Exterior Light Wall Mount with Water Glass, Black Outside Sconce Light, Aluminum Exterior Lights for House Porch Garage",62.99,https://www.amazon.com/s?k=exterior+lamps&page=3,https://m.media-amazon.com/images/I/617ddRseaVL._AC_UL320_.jpg
"WIHTU Outdoor Light Fixture Wall Mount with Crystal Bulb, 2 Pack Exterior Wall Lantern Waterproof, Black Outside Porch Sconce, Matte Metal Finish & Tempered Glass Shade for House",28.49,https://www.amazon.com/s?k=exterior+lamps&page=3,https://m.media-amazon.com/images/I/71K-Gs+JJRL._AC_UL320_.jpg
"2 Pack Outdoor Wall Lights, Waterproof Exterior Wall Sconce, Black Porch Light Wall Mounted, Outdoor Wall Lighting Fixtures with Clear Glass, Modern Outside Wall Lamps for House, Patio, Garage",71.99,https://www.amazon.com/s?k=exterior+lamps&page=3,https://m.media-amazon.com/images/I/71IlNj3EMuL._AC_UL320_.jpg
"Outdoor Wall Light Fixtures, Modern Exterior Wall Mount Lanterns, Outside Wall Sconces in Black Finish with Clear Glass for Porch Patio Farmhouse, 2-Pack",52.19,https://www.amazon.com/s?k=exterior+lamps&page=3,https://m.media-amazon.com/images/I/71r4lVEp9zL._AC_UL320_.jpg
"2 Pack Motion Sensor Outdoor Wall Lights,Updated Dusk to Dawn Outdoor Lighting, Exterior Light Fixtures Wall Mount With Water-Rippled Glass,Waterproof Black Porch Light Outside Lights for House",49.99,https://www.amazon.com/s?k=exterior+lamps&page=3,https://m.media-amazon.com/images/I/71sDAAmc17L._AC_UL320_.jpg
"Outdoor Wall Light, Exterior Waterproof Wall Sconce in Black, Anti-Rust Outdoor Light Fixture with Water Glass, Modern Outdoor Wall Lantern for House Balcony Entryway Garage, A402-2",49.99,https://www.amazon.com/s?k=exterior+lamps&page=4,https://m.media-amazon.com/images/I/61484rLcoUL._AC_UL320_.jpg
"MICSIU Oil Rubbed Bronze Outdoor Light Sconces Wall Mount, Clear Seedy Glass Large Exterior Porch Wall Lantern, 12.5"" Outside Lights for House, Front Porch, Patio, Backyard",65.99,https://www.amazon.com/s?k=exterior+lamps&page=4,https://m.media-amazon.com/images/I/81ZSM79dI8S._AC_UL320_.jpg
"Pia Ricco Outdoor Wall Light, 14 Inch Black Outdoor Light Fixture, Exterior Waterproof Lighting Fixtures Sconce with Glass Shade, Porch Lights Wall Lantern for House, Garage, ETL Listed",33.99,https://www.amazon.com/s?k=exterior+lamps&page=4,https://m.media-amazon.com/images/I/61pObHDPgzL._AC_UL320_.jpg
"Darkaway Outdoor Porch Lights Wall Mount, Outside Light Fixtures Sconces Wall Lighting with Water Ripple Glass Waterproof Exterior Lights for Patio Yard House Hallway Doorway Garage",92.99,https://www.amazon.com/s?k=exterior+lamps&page=4,https://m.media-amazon.com/images/I/81DwcIwKdOL._AC_UL320_.jpg
Wrasse 2Pack Outdoor Wall Mounted Lights 20W 2000LM Wall Proch Sconce 3000K Black Exterior Light Fixture 120v Up Down Modern Cube Lamp for Outdoor Sconces Lighting House Front Door Outside,69.99,https://www.amazon.com/s?k=exterior+lamps&page=4,https://m.media-amazon.com/images/I/31jus3YzQpL._AC_UL320_.jpg
"Large 5CCT LED Outdoor Pendant Light Fixtures, Black Exterior Hanging Lantern Lamp LED Integrated Bulbs Included, Farmhouse Exterior Chandelier Ceiling Mount for Entrance Patio",232.99,https://www.amazon.com/s?k=exterior+lamps&page=4,https://m.media-amazon.com/images/I/81GbEdtuPiL._AC_UL320_.jpg
Lustrlach Motion Sensor Porch Light Outdoor Wall Sconce Black for House LED Modern Exterior Light Fixture Waterproof Aluminum Lamp 1800lm for Garage Garden Patio,72.99,https://www.amazon.com/s?k=exterior+lamps&page=4,https://m.media-amazon.com/images/I/81MTz3jxzpL._AC_UL320_.jpg
"Motion Sensor Porch Light Modern Outdoor Wall Lighting with Crackle Glass, Dusk to Dawn Wall Mount Light Fixture for Garage, Backyard, Doorway, Patio, Matte Black, E26 Base",75.90,https://www.amazon.com/s?k=exterior+lamps&page=4,https://m.media-amazon.com/images/I/81P9n6gLspL._AC_UL320_.jpg
"Darkaway Outdoor Porch Lights Wall Mount, Outdoor Light Fixtures Sconces Wall Lighting with Seeded Glass Waterproof Exterior Lights for Patio Yard House Hallway Doorway Garage(1 Pack, Black)",52.99,https://www.amazon.com/s?k=exterior+lamps&page=4,https://m.media-amazon.com/images/I/71PYn0pg1gL._AC_UL320_.jpg
"Outdoor Wall Light, Exterior Waterproof Wall Sconce in Black, Anti-Rust Outdoor Light Fixture with Water Glass, Modern Outdoor Wall Lantern for House Balcony Entryway Garage, A402-2",49.99,https://www.amazon.com/s?k=exterior+lamps&page=4,https://m.media-amazon.com/images/I/61484rLcoUL._AC_UL320_.jpg
"Cerdeco 10.75 Inches Outdoor Wall Light Modern Outdoor Wall Sconce,Aluminum Black Porch Sconce Wall Mounted Lighting with E26 Socket and 3 Side Frosted Glass[ETL Listed]",48.99,https://www.amazon.com/s?k=exterior+lamps&page=4,https://m.media-amazon.com/images/I/41twH7MBERL._AC_UL320_.jpg
"MICSIU Oil Rubbed Bronze Outdoor Light Sconces Wall Mount, Clear Seedy Glass Large Exterior Porch Wall Lantern, 12.5"" Outside Lights for House, Front Porch, Patio, Backyard",65.99,https://www.amazon.com/s?k=exterior+lamps&page=4,https://m.media-amazon.com/images/I/81ZSM79dI8S._AC_UL320_.jpg
"24 inch Modern Outdoor LED Wall Lights Exterior, 18W Long Wall Lighting Exterior Light Fixture, Dimmable Linear IP65 Waterproof White Acrylic for Corridor Villa Balcony Courtyard",47.99,https://www.amazon.com/s?k=exterior+lamps&page=4,https://m.media-amazon.com/images/I/713Rb0kHjQL._AC_UL320_.jpg
"Large Outdoor Pendant Light Fixtures 3-Light, 23.6'' Exterior Hanging Lantern Porch Light Adjustable, Black Hanging Lamp Farmhouse Exterior Chandelier Ceiling Mount for Entrance Patio",179.99,https://www.amazon.com/s?k=exterior+lamps&page=4,https://m.media-amazon.com/images/I/611Ve0k45TL._AC_UL320_.jpg
"Milaii 18.5"" H Copper Outdoor Wall Lights Exterior Waterproof Wall Sconce Light Fixture E26 Socket Oil Rubbed Bronze Porch Light with Clear Glass Lantern Wall Lamp for Front Porch Garage Patio",105.00,https://www.amazon.com/s?k=exterior+lamps&page=4,https://m.media-amazon.com/images/I/61WHOwAazPL._AC_UL320_.jpg
"Outdoor Wall Light, Exterior Lighting - ETL Listed, Aluminum Anti-Rust Waterproof Wall Mount Rectangular Design – 1-Direction Up or Down Wall Sconce Light Fixture for Porch, Garage or Patio",39.99,https://www.amazon.com/s?k=exterior+lamps&page=4,https://m.media-amazon.com/images/I/51oa8XJesdL._AC_UL320_.jpg
"WIHTU Outdoor Wall Light Fixtures, Outdoor Wall Sconce with Outlet,2-Pack, Porch Sconces Mounted Lighting, Porch Lights with E26 Sockets, Exterior Waterproof, Wall Lamps for Patio Front Door",44.99,https://www.amazon.com/s?k=exterior+lamps&page=4,https://m.media-amazon.com/images/I/71qXDwAw0oL._AC_UL320_.jpg
"Outdoor Post Light Fixtures, Exterior Post Lantern Pillar Light, led Outdoor Post Light Pole Lantern Lighting Fixture with Pier Mount Base, Matte Black Finish Lamp for Patio Garden",59.99,https://www.amazon.com/s?k=exterior+lamps&page=4,https://m.media-amazon.com/images/I/51sDHyXYROL._AC_UL320_.jpg
LEDMO Exterior Wall Lights LED Beads 1800LM Outdoor Lights Fixtures Wall Mount Matte Black Outdoor Christmas Lighting 6000K Aluminum Shade Modern IP65 Waterproof for House Porch Walkway Coach 4 Pack,139.99,https://www.amazon.com/s?k=exterior+lamps&page=4,https://m.media-amazon.com/images/I/61JRU2kel7L._AC_UL320_.jpg
"LUTEC 2 Pack Solar Post Lights, Dusk to Dawn Aluminium Lamp with Pier Mount Base, Exterior Black Solar Fence Light Outdoor Waterproof for Garden Yard Patio",99.99,https://www.amazon.com/s?k=exterior+lamps&page=4,https://m.media-amazon.com/images/I/71yY3skD17L._AC_UL320_.jpg
"EDISHINE 20.2"" Large Motion Sensor Outdoor Wall Lights, Dusk to Dawn Exterior Sconce with Water Ripple Glass, Waterproof Outside Porch Lighting Wall Mount Fixture for Front Door Garage",79.99,https://www.amazon.com/s?k=exterior+lamps&page=4,https://m.media-amazon.com/images/I/81PZv582izL._AC_UL320_.jpg
"LUTEC Cuba 3000K 2000LM LED Porch Wall Light Outdoor, Modern Exterior Lights Fixture, Waterproof Wall Lamp Sconce Outside for House, Patio, Home, Entryway-Grey",74.99,https://www.amazon.com/s?k=exterior+lamps&page=4,https://m.media-amazon.com/images/I/51T4Pj3bWIL._AC_UL320_.jpg
"Outdoor Lantern, 21 Inch Exterior Waterproof Wall Sconce Light Fixture, Black Front Porch Light with Clear Glass, Modern Outside Lamp for Patio Doorway",109.99,https://www.amazon.com/s?k=exterior+lamps&page=4,https://m.media-amazon.com/images/I/61d1cSZXEcL._AC_UL320_.jpg
"16"" Motion Sensor Outdoor Lights 2 Pack - White Dusk to Dawn Light Fixtures Wall Mount, Modern Exterior Wall Sconces, Large Outside Lamps for House, Garage Lanterns",65.85,https://www.amazon.com/s?k=exterior+lamps&page=4,https://m.media-amazon.com/images/I/61Zn6pDMgvL._AC_UL320_.jpg
"dephen 120W LED Wall Pack Light with Photocell - 5000K 16200LM Rotatable Up Down Sconce, IP65 Dusk to Dawn Outdoor Flood Lighting Fixture for Building Store, UL-Listed",149.99,https://www.amazon.com/s?k=exterior+lamps&page=4,https://m.media-amazon.com/images/I/61TIwdMSHwL._AC_UL320_.jpg
"2 Packs 24"" Extra Large Outside Wall Light Fixture 3-Light, Black Outdoor Porch Lantern Wall Mounted, Waterproof Modern Outside Wall Sconce Coach Lamp for House, E12",175.99,https://www.amazon.com/s?k=exterior+lamps&page=4,https://m.media-amazon.com/images/I/71SfYYOOkiL._AC_UL320_.jpg
Outdoor Wall Sconce Light LED Wall Mount Lamp Modern Wall Lighting Fixture Aluminum Black Lantern for Porch Front Door Garden Yard Patio Garage Walkway Hallway,59.99,https://www.amazon.com/s?k=exterior+lamps&page=4,https://m.media-amazon.com/images/I/61OfOMZJx2L._AC_UL320_.jpg
Outdoor Wall Sconce Light Exterior IP54 Waterproof LED Wall Light Fixture Porch Light Outdoor Wall Mount Lamp Lantern Black Aluminum for Patio Garage House 13W 750Lm 3000K,74.99,https://www.amazon.com/s?k=exterior+lamps&page=4,https://m.media-amazon.com/images/I/71DXKC4XRcL._AC_UL320_.jpg
"Outdoor Wall Light 12W LED Modern Wall Sconce Lamp Exterior Wall-Mounted Garden Corridor Porch Patio Light Waterproof LED Wall Light Fixture for Outdoor Lighting Warm White,Pack of 2",64.99,https://www.amazon.com/s?k=exterior+lamps&page=4,https://m.media-amazon.com/images/I/61H-8sewvQL._AC_UL320_.jpg
2 Pack Outdoor Wall Lights 16 inch Exterior Barn Wall Sconce Fixture Wall Mount Lantern Waterproof Black Wall Lamps Lumiere Outside Porch Lights House Garage Doorway Patio Front Door Entryway,87.99,https://www.amazon.com/s?k=exterior+lamps&page=4,https://m.media-amazon.com/images/I/51fPxs-Rn4L._AC_UL320_.jpg
"31inch 2pcs Modern Outdoor Wall Sconce, Black LED, 2700K-6000K, IP65 Waterproof, 10W, 2 Count, Garage, Front Door, Porch, Room, Living Patio, Game Basement",182.99,https://www.amazon.com/s?k=exterior+lamps&page=4,https://m.media-amazon.com/images/I/71qZDFWTCfL._AC_UL320_.jpg
"Dusk to Dawn Outdoor Wall Light Fixture, Exterior Waterproof Sconces, Outdoor Porch Wall Mounted Lighting, Modern Black Wall Lamp for House, Doorway, Garage",49.99,https://www.amazon.com/s?k=exterior+lamps&page=4,https://m.media-amazon.com/images/I/71kzQ4-m10L._AC_UL320_.jpg
"PARTPHONER Large Outdoor Light Fixutre 2-Light, Dusk to Dawn Outdoor Lighting Farmhouse Front Porch Light Exterior Wall Lantern Sconce with Clear Glass for Entryway Doorway House Garage",54.99,https://www.amazon.com/s?k=exterior+lamps&page=4,https://m.media-amazon.com/images/I/61aJa0m5BML._AC_UL320_.jpg
"Solar Outdoor Wall Lights, 2 Pack IP65 Waterproof Morden Outdoor Acrylic LED Solar Wall Lantern, Wireless Exterior Fixture Decorative Wall Lamps for Porch Patio Hallway（2 Pack）",49.99,https://www.amazon.com/s?k=exterior+lamps&page=4,https://m.media-amazon.com/images/I/61Lf99dmuUL._AC_UL320_.jpg
"Outdoor Long Wall Lights of 2 Pack,Black Linear Dimmable Lamp,LED Exterior Wall Sconce Light Fixture,Waterproof Wall Light Ip65 for Front and Back Patio,Porch (31.5 inch)",89.99,https://www.amazon.com/s?k=exterior+lamps&page=4,https://m.media-amazon.com/images/I/71FS25m9C1L._AC_UL320_.jpg
"LEONLITE LED Wall Lights Outdoor, 17W Japanese Garden Style Wall Sconce, Black Exterior Lighting Fixtures Wall Mount, Wall Lantern Porch Lamps for Patio Garage Front Door Entryway, 3000K Warm White",79.99,https://www.amazon.com/s?k=exterior+lamps&page=4,https://m.media-amazon.com/images/I/71WWFiGHu4L._AC_UL320_.jpg
SLAWA 23.6In Pathway Lights Black E26 Outdoor Landscape Path Lights Die-Casted Aluminum Walkway Lighting Modern Landscape Sideway Lighting IP65 Waterproof Patio Porch Exterior Floor Lamp with Bulbs,59.99,https://www.amazon.com/s?k=exterior+lamps&page=4,https://m.media-amazon.com/images/I/71p85DF+vGL._AC_UL320_.jpg
"2-Pack Modern Outdoor Led Cube Wall Light,20W 3000K Up and Down Lighting Hardwired Exterior Wall Lamp,IP65 Waterproof Die-Casting Aluminum,for Garage Garden Porch Patio House Yard(Black,4.7"")",56.31,https://www.amazon.com/s?k=exterior+lamps&page=4,https://m.media-amazon.com/images/I/61OoL9z-ZGL._AC_UL320_.jpg
"8000W Solar Street Lights Outdoor, Dusk to Dawn IP67 Security Led Flood Light Lamp with Remote Control Mounting Pole and Bracket Garden, Street, Court, Parking Lot",89.99,https://www.amazon.com/s?k=exterior+lamps&page=4,https://m.media-amazon.com/images/I/61HIskSlFqL._AC_UL320_.jpg
Solar Sconce Lights Outdoor 15.7 Inch Height Exterior Lighting Fixture Dusk to Dawn Outdoor Solar Wall Lamp with Water Ripple Glass Black Finish and Waterproof,89.99,https://www.amazon.com/s?k=exterior+lamps&page=4,https://m.media-amazon.com/images/I/71pmdXqAx3L._AC_UL320_.jpg
Tuffenough Solar Outdoor Lights with Motion Sensor - 2500LM Bright 4 Heads LED Security Flood Light with 2 Sensors - 3 Modes Solar Powered Detected Wall Lamp Fixtures Waterproof for Outside Yard,33.99,https://www.amazon.com/s?k=exterior+lamps&page=4,https://m.media-amazon.com/images/I/81hN2E-dpHL._AC_UL320_.jpg
"Upgrade Widened 2 Pack Modern Outdoor Wall Lights, 39.3inch Long Linear LED Wall Sconce, 3000K Warm White, IP65 Waterproof, 36W, Minimalist Black Exterior Lamp Fixture for Porch, Garden, Bathrooms",189.99,https://www.amazon.com/s?k=exterior+lamps&page=4,https://m.media-amazon.com/images/I/61-+idk-2NL._AC_UL320_.jpg
"Outdoor Wall Lamp, Exterior Light Fixture - ETL Listed, Aluminum Anti-Rust Waterproof Wall Mount Rectangular Design – 1-Direction Up/Down Wall Lantern for Porch, Garage, Doorway or Patio",39.99,https://www.amazon.com/s?k=exterior+lamps&page=4,https://m.media-amazon.com/images/I/51f1zXyhB4L._AC_UL320_.jpg
"XMCOSY+ Outdoor Wall Lights, 1400LM LED Wall Sconces, Smart RGBW Porch Lights Black Exterior Wall Lighting, WiFi APP Control, Works with Alexa, Adjustable Dual-Head IP65 Waterproof Lanterns (1PK)",54.99,https://www.amazon.com/s?k=exterior+lamps&page=4,https://m.media-amazon.com/images/I/91BQkAEweCL._AC_UL320_.jpg
Outdoor Wall Lamp Aluminum Exterior Wall Lantern Matte Black Finsh Waterproof 2-Pack Outdoor Light Fixtures Wall Mount,82.99,https://www.amazon.com/s?k=exterior+lamps&page=4,https://m.media-amazon.com/images/I/71gMdzrhU5L._AC_UL320_.jpg
"Outdoor Wall Light Fixtures Modern Long LED Wall Sconce Black Exterior Light Fixture Ip65 Waterproof Wall Lamp 10w 3000k Metal Rectangular Wall Lights For Villa Patio,Courtyard,Porch Bedroom,7.9''",25.98,https://www.amazon.com/s?k=exterior+lamps&page=4,https://m.media-amazon.com/images/I/81AhLNllSyL._AC_UL320_.jpg
3-Tier 15.7 in Outdoor Light Fixture Black Exterior Wall Light LED Modern Wall Sconce Waterproof Outdoor Garage Lighting 24 W Front Door Light 3000K Warm White Acrylic Wall Lamp 2 Pack,119.99,https://www.amazon.com/s?k=exterior+lamps&page=4,https://m.media-amazon.com/images/I/71uvacJCh1L._AC_UL320_.jpg
Outdoor Porch Lights Up and Down Modern E26 Wall Sconces Waterproof Patio Light Fence Lamparas Aluminum Cylinder Front Door Lamp Matte Black,30.99,https://www.amazon.com/s?k=exterior+lamps&page=4,https://m.media-amazon.com/images/I/71FzjutiNzL._AC_UL320_.jpg
"8 Pack Multicolor Solar Powered Fence Lights Outdoor Waterproof, 2 LED Accent Lamp for House Deck Wall Yard Patio Porch Step Home Pool Cage, Designed for Exterior Decoration, Easy Installation",46.99,https://www.amazon.com/s?k=exterior+lamps&page=4,https://m.media-amazon.com/images/I/81j8l+G-qrL._AC_UL320_.jpg
"Solar Street Lights Outdoor Lamp, 16000lm IP67 Waterproof Light with Anti Broken Remote Control Mounting Bracket, Dusk to Dawn Security Led Flood Light for Yard, Garden, etc.",59.99,https://www.amazon.com/s?k=exterior+lamps&page=4,https://m.media-amazon.com/images/I/61Yl8xCJwML._AC_UL320_.jpg
"Dusk to Dawn Outdoor Light Fixture Wall Mount, Waterproof Porch Light Fixtures Wall Lamp, Outside Wall Sconce Exterior Wall Lamp with Textured Glass for House Front Door Garage (Black)",46.99,https://www.amazon.com/s?k=exterior+lamps&page=4,https://m.media-amazon.com/images/I/61MYbfCGOdL._AC_UL320_.jpg
"Large Outdoor Wall Lantern 3-Light, 15"" Large Outside Sconce, Modern Black Wall Light Fixture with Glass, Waterproof Exterior Lamp for Front Door, Porch, Garage",49.99,https://www.amazon.com/s?k=exterior+lamps&page=4,https://m.media-amazon.com/images/I/61+AcfAiHbL._AC_UL320_.jpg
"Auzev Solar Street Lights Outdoor Waterproof Solar Power Light for Yard Outside with Motion Sensor & Remote, Exterior Flood Lamp Wall Mounted for Barn Porch Garage House 2Pack",65.99,https://www.amazon.com/s?k=exterior+lamps&page=4,https://m.media-amazon.com/images/I/61ajis2prdL._AC_UL320_.jpg
"Safoner Heavy-Duty Aluminum RV Porch Light- Rustproof Exterior LED Lamp, IP67 Waterproof, Dual Color Amber & White, 1400LM, 12V-30V Compatible for Outdoor RVs & Trailers (Black Housing)- 1 Pack",28.99,https://www.amazon.com/s?k=exterior+lamps&page=4,https://m.media-amazon.com/images/I/71weTSreXeL._AC_UL320_.jpg
"FUDESY Dusk to Dawn Outdoor Wall Lantern, Sensor Exterior Porch Light Fixtures, Waterproof Anti-Rust Wall Sconce Light Fixture Wall Mount, Matte Black LED Wall Lamp for Hose, Porch, Doorway",37.99,https://www.amazon.com/s?k=exterior+lamps&page=4,https://m.media-amazon.com/images/I/61eIc-CgRtL._AC_UL320_.jpg
"Outdoor Wall Light Solar Powered, 9.8"" Front Porch Lights LED Wall Sconce Garage Wall Mount Lamp Exterior Fixture Modern Patio Door Entryway Lighting Waterproof Outside House Aluminum Lantern",79.99,https://www.amazon.com/s?k=exterior+lamps&page=4,https://m.media-amazon.com/images/I/61fwbGvAXIL._AC_UL320_.jpg
"Outdoor Wall Lights Modern 21"" Wall Sconce, Exterior Wall Mount Light Fixtures Front Porch Lamp Large 3000K Garage Lighting IP54 Waterproof Lantern for House Outside Patio Doorway Hallway Decor",129.99,https://www.amazon.com/s?k=exterior+lamps&page=4,https://m.media-amazon.com/images/I/71kajR2lrfL._AC_UL320_.jpg
"Boajuna Outdoor Solar Wall lamp, Dusk to Dawn Motion Sensor Lantern with 3 Lighting Modes, Wireless Exterior Solar Porch Lights Wall Mount Patio Fence Outdoor Light Fixture (Black 2 Pack)",47.49,https://www.amazon.com/s?k=exterior+lamps&page=4,https://m.media-amazon.com/images/I/71Dz9withML._AC_UL320_.jpg
"Globe Outdoor Pendant Lights for Porch Patio Garage, Matte Black Aluminum Anti-Rust Hanging Light Fixture, Industrial Round Amber Glass Exterior Chandelier, Outside Pendant Lamp, 2 Pack",119.99,https://www.amazon.com/s?k=exterior+lamps&page=4,https://m.media-amazon.com/images/I/71hd2nUSdhL._AC_UL320_.jpg
"Vintage Outdoor Wall Light, C21, Exterior Wall Lamp Fixture, ETL Listed, Waterproof & All Weather Resistant, E26 Socket, Matt Black Housing with Clear Cover, 2-Pack…",42.88,https://www.amazon.com/s?k=exterior+lamps&page=4,https://m.media-amazon.com/images/I/71D5Wo1X4+L._AC_UL320_.jpg
FUPE 15W 4Pack Led Black Outdoor Wall Sconces Light Fixtures Modern Exterior/Interior Waterproof Porch Wall Mounted Lighting Outside Wall Lamps for Garden Shop Yard Patio Home Entryway Park Staircase,99.89,https://www.amazon.com/s?k=exterior+lamps&page=4,https://m.media-amazon.com/images/I/612AV5v4eTL._AC_UL320_.jpg
"Bestshared Outdoor Wall Sconce Lights,Exterior Wall Lighting Fixtures with Clear Glass, Anti-Rust Modern Black Outside Lantern Lamp for House Front Porch Doorway Patio (Oil Rubbed Bronze, 15""-1 Pack)",52.99,https://www.amazon.com/s?k=exterior+lamps&page=4,https://m.media-amazon.com/images/I/61a4XMNUYxL._AC_UL320_.jpg
"4 Heads Sensor Lamp Solar, Motion Sensor Outdoor Lights 3000LM, 283 LED,6500 K, Motion Sensor, IP65 Waterproof, 270° Wide Angle, Security Floodlight for Backyard, Patio, Driveway(2Pack)",35.99,https://www.amazon.com/s?k=exterior+lamps&page=4,https://m.media-amazon.com/images/I/81eVSsf9A6L._AC_UL320_.jpg
Ustellar 3 Pack 80W LED Flood Lights Outdoor Bright 800W Equiv. 24000LM Security Light Outside Lamp IP66 Waterproof 5000K Daylight White Spot Light Exterior Floodlight Lighting for Yard Backyard House,79.99,https://www.amazon.com/s?k=exterior+lamps&page=4,https://m.media-amazon.com/images/I/61QWgjA2ZZL._AC_UL320_.jpg
"Solar Lamp Post Light Outdoor with Motion Sensor & Mount Base, 3 Mode Wireless Pole Lights Outdoor, Waterproof Solar Post Lights for Fence Pole Garden Pillar",34.79,https://www.amazon.com/s?k=exterior+lamps&page=5,https://m.media-amazon.com/images/I/71x9+3IYa+L._AC_UL320_.jpg
"Lustrlach Dusk to Dawn LED Outdoor Wall Light Fixture White Exterior Porch Light with Photocell and Glass IP54 Waterproof Modern Wall Sconce for House Garage Outside Entryway Garden,3000K,15IN,750LM",89.99,https://www.amazon.com/s?k=exterior+lamps&page=5,https://m.media-amazon.com/images/I/71uY9S2hoXL._AC_UL320_.jpg
"Outdoor Post Light 2 Packs Dusk to Dawn, Post Lights Outdoor Electric with Pier Mount, Black Waterproof Pole Lights, Lamp Posts Outdoor Lighting Hard Wired for Yard, Driveway, Path",79.99,https://www.amazon.com/s?k=exterior+lamps&page=5,https://m.media-amazon.com/images/I/71y6TaQQglL._AC_UL320_.jpg
"PARTPHONER Dusk to Dawn Outdoor Light Fixtures, 2-Pack Sensor Porch Lights, Waterproof Exterior Wall Sconce Lighting Lamp, Waterproof Wall Lantern for House, Doorway, Garage (Black)",37.99,https://www.amazon.com/s?k=exterior+lamps&page=5,https://m.media-amazon.com/images/I/61U59wZeP9L._AC_UL320_.jpg
Ustellar 3 Pack 80W LED Flood Lights Outdoor Bright 800W Equiv. 24000LM Security Light Outside Lamp IP66 Waterproof 5000K Daylight White Spot Light Exterior Floodlight Lighting for Yard Backyard House,79.99,https://www.amazon.com/s?k=exterior+lamps&page=5,https://m.media-amazon.com/images/I/61QWgjA2ZZL._AC_UL320_.jpg
"Dusk to Dawn Outdoor Light Fixture Rustic Wood, 17” Large Outside Light for House Cylindrical Glass IP65 Waterproof Outdoor Lantern Scone Farmhouse Porch Light Exterior Wall Mounted Lamp",59.99,https://www.amazon.com/s?k=exterior+lamps&page=5,https://m.media-amazon.com/images/I/81-g3MyfVWL._AC_UL320_.jpg
"DEWENWILS 2 Pack Dusk to Dawn Outdoor Wall Light Fixture, Wall Lantern Porch Light with Glass Shade, Waterproof Outdoor Wall Sconce Lamp for Garage, Backyard (Classic)",49.99,https://www.amazon.com/s?k=exterior+lamps&page=5,https://m.media-amazon.com/images/I/71mDpPiZz7L._AC_UL320_.jpg
"WIHTU Outdoor Light Fixture Wall Mount with Crystal Bulb, 2 Pack Exterior Wall Lantern Waterproof, Black Outside Porch Sconce, Matte Metal Finish & Tempered Glass Shade for House",28.49,https://www.amazon.com/s?k=exterior+lamps&page=5,https://m.media-amazon.com/images/I/71K-Gs+JJRL._AC_UL320_.jpg
"11.65'' Outdoor Light Fixture 2 Packs, Outdoor Wall Lights Exterior Wall Sconce with Water Ripple Glass, Waterproof Porch Light Lantern Wall Mounted, Modern Black Outside Lights for House Patio Garage",47.28,https://www.amazon.com/s?k=exterior+lamps&page=5,https://m.media-amazon.com/images/I/71k6J8W+iNL._AC_UL320_.jpg
"Lustrlach Dusk to Dawn LED Outdoor Wall Light Fixture White Exterior Porch Light with Photocell and Glass IP54 Waterproof Modern Wall Sconce for House Garage Outside Entryway Garden,3000K,15IN,750LM",89.99,https://www.amazon.com/s?k=exterior+lamps&page=5,https://m.media-amazon.com/images/I/71uY9S2hoXL._AC_UL320_.jpg
"Brown Motion Sensor Outdoor Wall Sconce - Smart Dusk to Dawn Outdoor Lighting, Oil Rubbed Bronze Outdoor Wall Lights & Exterior Light Fixtures, Porch Lights with Water Rippled Glass for Garage House",52.99,https://www.amazon.com/s?k=exterior+lamps&page=5,https://m.media-amazon.com/images/I/71+XWsF2qeL._AC_UL320_.jpg
"2-Pack Outdoor Wall Light Fixtures, Exterior Waterproof Anti-Rust Wall Lanterns with Glass Shades, Matte Black Porch Sconces Wall Mounted Lighting, E26 Modern Sconces for Patio Front Door Garage",49.99,https://www.amazon.com/s?k=exterior+lamps&page=5,https://m.media-amazon.com/images/I/71SrS0NKRNL._AC_UL320_.jpg
Outdoor Wall Lamps Exterior Lighting Fixtures 22 Inch Height Porch Light with Water Ripple Glass E26 Socket,109.99,https://www.amazon.com/s?k=exterior+lamps&page=5,https://m.media-amazon.com/images/I/71bWmJZlW2L._AC_UL320_.jpg
"Bronze Post Light 2 Packs, Hardwired Anti-Rust Exterior Light Fixture Brown, Waterproof Outside Lamp Post with Pier Mount, Exterior Pole Lantern for Garden Yard Patio Path",74.99,https://www.amazon.com/s?k=exterior+lamps&page=5,https://m.media-amazon.com/images/I/71068htIomL._AC_UL320_.jpg
"Dusk to Dawn Sensor Outdoor Wall Sconce, Exterior Lighting -ETL Listed, Aluminum Anti-Rust Waterproof Wall Mount Cylinder Light, 1-Direction Up or Down Light Fixture for Porch,Patio or Doorway",43.99,https://www.amazon.com/s?k=exterior+lamps&page=5,https://m.media-amazon.com/images/I/813sB3biOBL._AC_UL320_.jpg
"2PK Solar Outdoor Wall Lights with Crackle Glass Shade, Porch Fence Exterior Light Fixture Solar Powered Wall Scones",28.99,https://www.amazon.com/s?k=exterior+lamps&page=5,https://m.media-amazon.com/images/I/811pt6Ibi+L._AC_UL320_.jpg
"2 Pack Hanging Solar Lantern, Aluminum Outdoor Hanging Solar Lights with 4 Solar Panels, Dusk to Dawn Led Outdoor Solar Lanterns, Anti-Rust Waterproof Solar Wall Lanterns with Hooks, 3000K Warm White",31.48,https://www.amazon.com/s?k=exterior+lamps&page=5,https://m.media-amazon.com/images/I/71msY8vGtWL._AC_UL320_.jpg
"GRUENLICH Outdoor Post Lighting Fixture Pole Lantern, E26 Medium Base Max 60W, Metal Housing Plus Glass, Matte Black Finish, Bulb Not Included, 2 Pack",65.88,https://www.amazon.com/s?k=exterior+lamps&page=5,https://m.media-amazon.com/images/I/71cva9R-qgL._AC_UL320_.jpg
"Hyunbae LED Wall Sconce, 8'' Outdoor Round LED Lamp Modern Exterior Lights Fixture,Outdoor Porch Lights for House,Patio,Outdoor Wall Lighting 3000K Warm White Wall Mount Light Fixture Dimmable",49.99,https://www.amazon.com/s?k=exterior+lamps&page=5,https://m.media-amazon.com/images/I/71+fGiCqMKL._AC_UL320_.jpg
"Solar Outdoor Motion Sensor Wall Light, LED Dimmable Modern Exterior Lights Fixtures, Rotatable and 3 Lighting Modes Aluminum IP65 Waterproof Fixture for Porch Patio Garden Garage Front Door Yard",79.99,https://www.amazon.com/s?k=exterior+lamps&page=5,https://m.media-amazon.com/images/I/81KPZxoTvAL._AC_UL320_.jpg
"Hyuduo LED Wall Lamp Waterproof Modern Sconce Light Indoor Outdoor Decoration 90265V 4W Black Shell,Outdoor Lights Exterior Wall Light Fixture for House Garden Hallway Guest Room (Warm Light)",16.86,https://www.amazon.com/s?k=exterior+lamps&page=5,https://m.media-amazon.com/images/I/51s9IWFt4wL._AC_UL320_.jpg
"13"" Up and Down Wall Sconce Aluminum Modern Outdoor Light, Black Rectangular IP65 Waterproof Exterior Wall Lamp for Front Door Patio Porch Staircase Hallway",51.99,https://www.amazon.com/s?k=exterior+lamps&page=5,https://m.media-amazon.com/images/I/51nZwmE3L7L._AC_UL320_.jpg
"Outdoor Lighting Fixtures Wall Mount, Outdoor Wall Lights Modern with Frosted Glass, Aluminum Exterior Light for House Outdoor Wall Lantern for Garage Porch Carriage Patio (17''H, 1 pc)",179.99,https://www.amazon.com/s?k=exterior+lamps&page=5,https://m.media-amazon.com/images/I/51CBkE2fG-L._AC_UL320_.jpg
"Outdoor Post Light, 21 Inch Aluminum Outside Post Lantern, Waterproof Exterior Lamp Pole Lantern Head with Seeded Glass, Matte Black Column Lights for Patio Garden Walkway Landscape E26 Base Max 100W",79.99,https://www.amazon.com/s?k=exterior+lamps&page=5,https://m.media-amazon.com/images/I/61Eu+EJ6RVL._AC_UL320_.jpg
"Outdoor Wall Light 2 Pack, HWH Exterior Wall Sconce Light Fixtures with Water Ripple Glass, Outside Lights for Porch, Patio, Balcony, Matte Black Finish, 5HX62B-2PK-SW BK",85.99,https://www.amazon.com/s?k=exterior+lamps&page=5,https://m.media-amazon.com/images/I/81ZrdDT5a0L._AC_UL320_.jpg
"LMP Dusk to Dawn Outdoor Light Fixtures Wall Mount, Porch Lights, Anti-Rust Wall Light, Exterior Wall Sconce Lighting, Wall Lamp, Waterproof Wall Lantern for Doorway, Garage-2 Packs",87.99,https://www.amazon.com/s?k=exterior+lamps&page=5,https://m.media-amazon.com/images/I/71zQ--uyO6L._AC_UL320_.jpg
"Beionxii Dusk to Dawn Outdoor Post Lights, 21inch Large Exterior Lamp Post Light Pier Mount Lantern with Base, Black Cast Aluminum w/Water Glass - A272P-1PK",71.99,https://www.amazon.com/s?k=exterior+lamps&page=5,https://m.media-amazon.com/images/I/71fxDQj8oOL._AC_UL320_.jpg
"Modern Solar Post Light, 10.9"" Outdoor Pillar Lights Large Fence Deck Lamp Waterproof 3000K Luxury Exterior Landscape Column Lighting for Entrance Garden Flat Surface Patio Courtyard Decor",139.99,https://www.amazon.com/s?k=exterior+lamps&page=5,https://m.media-amazon.com/images/I/71DWiC6X+vL._AC_UL320_.jpg
"EDISHINE Dusk to Dawn Outdoor Wall Lights, Waterproof Exterior Light Fixtures, Black Wall Sconce Porch Lighting with Clear Tempered Glass, Outside Wall Mount Lantern Lamp for House, Garage, Patio",39.99,https://www.amazon.com/s?k=exterior+lamps&page=5,https://m.media-amazon.com/images/I/81nKMYkIalL._AC_UL320_.jpg
"Dusk to Dawn Sensor Outdoor Wall Light Fixtures, LED Square Up and Down Lights, Modern Exterior Patio Lighting Sconce Aluminum IP65 Waterproof Lamp Dual Head Wall Lantern NO GU10 Bulbs",49.99,https://www.amazon.com/s?k=exterior+lamps&page=5,https://m.media-amazon.com/images/I/71-yJrndqRL._AC_UL320_.jpg
"Dusk to Dawn Outdoor Wall Lanterns Small Modern Exterior Light Fixture Aluminum with Crack-Like Glass, UL and IP65 Waterproof Wall Sconce Outdoor Wall Light for Porch, Garage, Front Door, Black",55.85,https://www.amazon.com/s?k=exterior+lamps&page=5,https://m.media-amazon.com/images/I/71qjqQ74H3L._AC_UL320_.jpg
"Motion Sensor Outdoor Pendant Light Fixture, Farmhouse Exterior Hanging Lamp with Adjustable Chain, Anti-Rust Aluminum Outdoor Chandelier, Large Exterior Ceiling Mount Hanging Light for Entryway,Porch",79.99,https://www.amazon.com/s?k=exterior+lamps&page=5,https://m.media-amazon.com/images/I/71BdNXj5VCL._AC_UL320_.jpg
"SOKHNA Modern LED Outdoor Waterproof Wall Lamp 14W 3000K,Outdoor Porch Wall LampWaterproof Exterior Lights Fixture Suitable for Yards,Doorways,Garden,Pathway,Warm White,IP65 3000K",29.99,https://www.amazon.com/s?k=exterior+lamps&page=5,https://m.media-amazon.com/images/I/614nBoiI1yL._AC_UL320_.jpg
"Large Bronze Outdoor Wall Lantern 19"", Outside Farmhouse Wall Sconce Light Fixture Oil-Rubbed Bronze, Industrial Wall Mount Light Waterproof, Modern Porch Lighting Exterior Lamp for House",51.99,https://www.amazon.com/s?k=exterior+lamps&page=5,https://m.media-amazon.com/images/I/61jo8BV2KLL._AC_UL320_.jpg
Outdoor Wall Light LED Long Wall Sconce 31.5in Ip65 Waterproof Black Modern Outdoor Lights 3000k 26W Metal Exterior Light Fixture For Porch Light Patio Front Door Yard Garden Villa Living Room,41.89,https://www.amazon.com/s?k=exterior+lamps&page=5,https://m.media-amazon.com/images/I/71sqjc94mML._AC_UL320_.jpg
LONEDRUID Dusk to Dawn Sensor Outdoor Porch Light White Exterior Wall Lantern Modern Outside Sconce Lighting Fixtures Waterproof Wall Mount Lamp for House Garage Patio Entryway,59.99,https://www.amazon.com/s?k=exterior+lamps&page=5,https://m.media-amazon.com/images/I/61BJk5H75rL._AC_UL320_.jpg
Dusk to Dawn Outdoor Wall Lanterns Large Exterior Porch Lights Wall Mount IP65 Waterproof Outdoor Sconces with Seeded Glass Outside Wall Lamp for House Garage Front Porch Patio,109.90,https://www.amazon.com/s?k=exterior+lamps&page=5,https://m.media-amazon.com/images/I/715Tgg52COS._AC_UL320_.jpg
"Dusk to Dawn Outdoor Lighting Fixtures Wall Mount, Sensor Exterior Wall Lights for House, Anti Rust Porch Light, White Sconce Lamp, Waterproof Wall Lantern for Doorway, Garage",39.99,https://www.amazon.com/s?k=exterior+lamps&page=5,https://m.media-amazon.com/images/I/61i-RP-WThL._AC_UL320_.jpg
Cerdeco Modern Porch Light Outdoor Wall Lamp Cylinder Wall Sconce Suitable for Garden & Patio Satin Nickel Finished[ UL-Listed ],39.99,https://www.amazon.com/s?k=exterior+lamps&page=5,https://m.media-amazon.com/images/I/51ZAjm06YtL._AC_UL320_.jpg
"VIANIS Outdoor Wall Sconce, White Dusk to Dawn Outdoor Lighting Wall Mounted, 100% Aluminum Waterproof Exterior Front Porch Light Fixture for House, Modern Outside Lantern Lights for Garage Lamp",39.99,https://www.amazon.com/s?k=exterior+lamps&page=5,https://m.media-amazon.com/images/I/51oByvUwe2L._AC_UL320_.jpg
"Nodfens 2 Pack Solar Wall Lights Outdoor with 3 Modes, Wireless Dusk to Dawn Motion Sensor LED Sconce Lights IP65 Waterproof, Exterior Front Porch Security Lamps Wall Mount Patio Fence",56.99,https://www.amazon.com/s?k=exterior+lamps&page=5,https://m.media-amazon.com/images/I/61e6mvhPCDL._AC_UL320_.jpg
"VIANIS Gold Outdoor Wall Lights, 2 Pack Motion Sensor Exterior Lights for House Wall Mount Sconce Lamp, Dusk to Dawn Porch Light Fixture, Golden Outside Garage Light Lantern with Tempered Ripple Glass",89.99,https://www.amazon.com/s?k=exterior+lamps&page=5,https://m.media-amazon.com/images/I/81lvQxQgH+L._AC_UL320_.jpg
"Outdoor Wall Light Fixtures, Dusk to Dawn Exterior Waterproof Wall Lantern, Front Porch Sconces Lighting with E12 Sockets, Anti-Rust Outside Wall Lamps for House Garage Patio",29.99,https://www.amazon.com/s?k=exterior+lamps&page=5,https://m.media-amazon.com/images/I/71LHMzpv0sL._AC_UL320_.jpg
2 Pack Solar Lights Outdoor Waterproof: 3000W Solar Flood Lights Outdoor IP66 Motion Sensor 6500K Outside Security Dusk to Dawn LED Solar Powered Street Light with Remote Wall Mount Lamp for Yard,89.99,https://www.amazon.com/s?k=exterior+lamps&page=5,https://m.media-amazon.com/images/I/81qLVPBLcdL._AC_UL320_.jpg
2-Packs Outdoor RGB Dimmable Wall Light: 28W Modern Wall Sconce Fixture Rectangular Black LED Wall Lamp - 23.5 Inches - IP65 Waterproof Anti Rust Wall Light for House Courtyard Balcony Porch,94.98,https://www.amazon.com/s?k=exterior+lamps&page=5,https://m.media-amazon.com/images/I/61b0svvoKqL._AC_UL320_.jpg
"Shed Light Solar Powered Gazebo Lights Outdoor Solar Hanging Lamps Outside for Porch Barn Chicken Coop Indoor with Remote, Double Motion Sensor, 16.5ft Cord, Dimmable Warm/Cool White Work Day & Night",39.99,https://www.amazon.com/s?k=exterior+lamps&page=5,https://m.media-amazon.com/images/I/71EYzMNBrgL._AC_UL320_.jpg
Solar Outdoor Wall Lamp Waterproof Aluminum Outside Solar Wall Lantern with Remote Control Black Outdoor Porch Lights Wall Mount with Water Ripple Handmade Solder Glass LED Bulb Included,79.99,https://www.amazon.com/s?k=exterior+lamps&page=5,https://m.media-amazon.com/images/I/81n62WtSwXL._AC_UL320_.jpg
Lustrlach LED Outdoor Up Down Wall Sconce Light for House Porch Modern Exterior Light Fixture IP54 Waterproof Aluminum 3000K Wall Mount Lamp for Patio Garage Walkway Backyard Garden,69.99,https://www.amazon.com/s?k=exterior+lamps&page=5,https://m.media-amazon.com/images/I/71PVduGhvVL._AC_UL320_.jpg
"Oil Rubbed Bronze Outdoor Post Lights,Waterproof Pole Mount Light Fixture with Pier Mount Adapter(with 3-Inch Pier Mount Base), Exterior Lamp Post Lantern Head for Yard,Garden Backyard and Porch",79.90,https://www.amazon.com/s?k=exterior+lamps&page=5,https://m.media-amazon.com/images/I/61y46qPcH7L._AC_UL320_.jpg
"tewei Outdoor Wall Light Dusk to Dawn Sensor, Exterior Photocell IC Sensor Porch Light Fixtures Wall Mount,Waterproof Matte Black Outdoor Wall Lamp for Garage Doorway Seeded Glass",59.99,https://www.amazon.com/s?k=exterior+lamps&page=5,https://m.media-amazon.com/images/I/61jJu6rO7ZL._AC_UL320_.jpg
"LED Outdoor Wall Lights Exterior/Interior, Up and Down Lights IP65 Waterproof Wall Sconces, Square Aluminum Outdoor Wall Lighting Fixtures, Modern Dimmable Wall Lamp for Porch Patio (2 Pack)",39.99,https://www.amazon.com/s?k=exterior+lamps&page=5,https://m.media-amazon.com/images/I/61n0iZg7qrL._AC_UL320_.jpg
"Hardwired 120V Dusk to Dawn Outdoor Post Light 2 Pack, Waterproof Aluminum Pole Light Fixture with Pier Mount Base, Exterior Lamp Post Lantern Head with Clear Glass for Garden Yard Patio Pathway",69.99,https://www.amazon.com/s?k=exterior+lamps&page=5,https://m.media-amazon.com/images/I/71B6K+pgyAL._AC_UL320_.jpg
"400W LED Flood Lights Outdoor, 40000LM Super Bright Exterior Lamp, 6000K Daylight White, Waterproof Security Light for Backyard, Garden, Garage",129.99,https://www.amazon.com/s?k=exterior+lamps&page=5,https://m.media-amazon.com/images/I/61gZZKv1o8L._AC_UL320_.jpg
"2 Pack White Motion Sensor Outdoor Light Fixtures Wall Mount, Dusk to Dawn Front Porch Lights for House, Exterior Wall Sconce, Waterproof Lantern Lamp,Outside Coach Light for Garage Entryway Yard",49.99,https://www.amazon.com/s?k=exterior+lamps&page=5,https://m.media-amazon.com/images/I/81xBvb9l0cL._AC_UL320_.jpg
"Sunwish Solar Street Lights Outdoor 6500K Parking Lot Lights Commercial Dusk to Dawn, Solar Lights Outdoor Motion Sensor Waterproof IP66 for Playground Yard",89.99,https://www.amazon.com/s?k=exterior+lamps&page=5,https://m.media-amazon.com/images/I/81iU9gq7lwL._AC_UL320_.jpg
"Cordless Floor Lamp, 7000mAh Battery Operated Floor Lamp, IP54 Waterproof Outdoor Modern Black Standing Lamp Rechargeable, Adjustable Height Floor Lamp for Outdoor/Indoor/Patio(Black)",69.99,https://www.amazon.com/s?k=exterior+lamps&page=5,https://m.media-amazon.com/images/I/41rqYVz8CmL._AC_UL320_.jpg
"VIANIS Dusk to Dawn Post Lights Outdoor, Black (Hardwired 120V) Post Lantern with Pier Mount Base, Exterior Lamp Post Light Fixture for Patio, Garden, Waterproof, (Hardwired 120V, Not Solar)",49.99,https://www.amazon.com/s?k=exterior+lamps&page=5,https://m.media-amazon.com/images/I/71he+Z7hJrL._AC_UL320_.jpg
Hamilton Hills 14 Inch Silver Squared Flush Mount Outdoor Light Fixture | Modern Front Door Exterior Light 3000K Frosted Lens Wall Sconce | Outside LED Porch Lights with Brushed Nickel Finish,49.99,https://www.amazon.com/s?k=exterior+lamps&page=5,https://m.media-amazon.com/images/I/517bumB8COL._AC_UL320_.jpg
FUPE 20W Led White Outdoor Wall Sconces Light Fixtures Modern Exterior/Interior Waterproof Porch Wall Mounted Lighting Outside Wall Lamps for Garden Shop Yard Patio Home Entryway Park Staircase,129.98,https://www.amazon.com/s?k=exterior+lamps&page=5,https://m.media-amazon.com/images/I/51SUlaa-kwL._AC_UL320_.jpg
"LED Up Down Wall Light, 36W 3000K Integrated LED Modern Porch Light, Super Bright IP65 Waterproof Wall Lamps, Exterior Light for Porch Patio Door Entryway 2 Packs",39.99,https://www.amazon.com/s?k=exterior+lamps&page=5,https://m.media-amazon.com/images/I/61j9h+hW3VL._AC_UL320_.jpg
"Outdoor Post Light for Porch Yard Driveway, White Aluminum Lamp Post Light Fixture, Waterproof Exterior Pier Mount Post Lantern Lighting, Outside Lawn Post Pole Light,1 Pack",59.99,https://www.amazon.com/s?k=exterior+lamps&page=5,https://m.media-amazon.com/images/I/617r0Wy04AL._AC_UL320_.jpg
Solar Lights Outdoor 6000K -150W LED Solar Street Light Motion Sensor 15000LM Solar Parking Lot Light Dusk to Dawn Solar Powered Lamp Waterproof Flood Light with Remote Control (2 Pack),39.99,https://www.amazon.com/s?k=exterior+lamps&page=5,https://m.media-amazon.com/images/I/71faRLwtbfL._AC_UL320_.jpg
"SKTYANTS 9 Inch RV Exterior Porch LED Light,RV Awning Light 12V RV Camper Porch Lights Outdoor Canopy Roof Lamp",22.99,https://www.amazon.com/s?k=exterior+lamps&page=5,https://m.media-amazon.com/images/I/71CdAIX1skL._AC_UL320_.jpg
"71 Inch Led Hood Light Strip, White Dynamic Car LED Hood Strip Lights with Fuse Protection, Turn Signal Lamp, Universal Exterior Daytime Running Light Strip for Cars, SUVs, Trucks",23.73,https://www.amazon.com/s?k=exterior+lamps&page=5,https://m.media-amazon.com/images/I/81qeFG8UZtL._AC_UL320_.jpg
